,Rx,Tx,MPP Start Time (s),MPP Stop Time (s),Voltages (mV),Frequency (MHz),Run Exp Num,NumMPPs,Laser dist,Tape dist
0,Tag1,Tag2,1757344899.2758472,1757344900.5764644,"[104.87 104.18 104.49 104.41 104.1  104.26 104.03 104.26 104.26 104.18
 110.89 110.67 110.51 110.59 110.44 110.44 110.51 110.21 110.36 110.74
 114.79 114.63 114.4  114.56 114.63 114.79 114.56 114.79 114.48 114.63
  99.15  99.45  99.37  99.3   99.07  99.3   98.99  99.3   99.37  98.61
  98.76  98.99  99.22  98.92  98.76  98.84  99.15  99.07  98.99 101.74
 102.04 101.89 101.66 101.36 101.28 101.89 101.66 101.43 101.89 104.26
 104.41 103.88 104.26 104.18 104.41 104.1  104.03 104.33 104.49 110.44
 110.44 110.59 110.44 110.67 110.51 110.28 110.28 110.67 110.59 114.63
 114.48 114.4  114.79 114.71 114.48 114.1  114.56 114.48 114.25  99.6
  99.3   99.3   99.15  99.15  99.15  99.15  99.15  99.45  99.15  99.37
  98.76  99.3   99.22  98.84  99.07  98.99  99.37  99.07 101.28 101.97
 101.74 101.51 101.43 101.82 101.82 101.59 101.97 101.05 104.26 104.1
 104.1  103.95 104.33 104.56 103.88 104.41 104.03 104.41 110.44 110.67
 110.28 110.82 110.44 110.59 110.44 110.89 110.74 110.67 114.48 114.1
 114.56 114.25 114.79 114.63 114.33 114.4  114.71 114.4   99.22  98.99
  99.37  99.15  99.15  99.07  99.22  99.22  98.99  99.3   99.6   99.37
  99.15  98.84  99.07  98.99  99.3   99.22  98.69 101.97 101.89 101.74
 101.74 101.89 101.66 101.74 101.89 101.51 101.66 103.8  104.18 104.33
 104.41 104.33 104.1  103.72 104.56 104.49 104.56 110.06 110.67 110.13
 110.89 110.59 110.74 110.51 110.44 110.36 110.44 114.71 114.63 114.4
 114.56 114.71 114.48 114.33 114.33 114.25 114.86  99.37  99.15  98.99
  99.22  98.99  99.3   99.22  98.84  98.92  99.07  99.45  99.22  98.76
  98.76  98.92  99.37  98.99  99.15  99.3  101.74 101.89 101.66 101.43
 101.59 101.74 101.51 101.28 101.82 101.51 104.18 104.41 104.03 104.49
 104.33 104.49 104.64 104.56 104.26 104.03 110.74 110.67 110.67 110.67
 110.67 111.05 110.74 110.51 110.21 110.44 114.86 114.56 114.71 114.71
 114.71 114.18 114.63 114.48 114.4  114.63  99.15  99.15  99.37  99.22
  99.3   99.37  98.99  99.45  99.22  99.07  99.22  99.07  99.3   99.3
  99.22  98.99  99.45  99.15  99.22 101.66 101.51 101.82 101.74 101.82
 101.43 101.66 101.59 101.97 101.66 101.97 102.12 101.97 101.66]",915,0,5,0.3,0.3
1,Tag2,Tag1,1757344901.8102555,1757344903.1121042,"[79.61 70.15 69.7  69.54 69.92 70.08 70.15 69.54 69.92 75.8  75.8  75.04
 75.42 75.49 75.8  75.34 75.49 75.11 75.88 74.04 74.43 74.27 74.65 74.27
 74.12 74.12 73.82 73.74 74.96 87.01 86.94 86.56 87.01 86.71 86.94 87.01
 86.56 87.4  88.85 89.46 89.3  89.3  90.45 89.61 89.91 89.3  89.53 89.46
 87.01 86.71 87.01 86.56 86.63 87.17 86.4  86.48 87.24 86.63 69.7  70.31
 70.31 69.92 69.62 69.7  69.54 69.92 69.54 70.08 77.25 76.18 75.49 75.19
 75.65 75.27 75.11 75.49 75.34 75.88 73.82 74.27 74.27 74.73 74.12 74.2
 75.65 74.88 74.43 74.43 87.09 87.4  86.71 86.48 86.56 87.09 87.01 86.94
 87.09 89.15 89.23 89.91 89.91 89.76 89.53 89.91 89.15 89.68 89.91 86.18
 86.56 86.33 86.63 87.01 86.02 86.4  86.25 87.85 86.48 69.92 69.7  69.54
 69.54 71.22 70.53 69.77 69.47 70.23 70.31 75.34 75.57 75.19 75.8  75.27
 74.96 75.27 75.88 75.42 75.19 74.43 75.34 74.5  74.58 73.97 74.73 74.5
 74.73 75.95 86.48 86.71 86.71 86.79 86.4  86.63 88.24 87.24 87.01 86.25
 89.3  89.84 89.99 89.99 89.07 89.23 88.77 89.38 89.53 91.06 87.09 86.25
 86.79 86.33 86.71 86.79 86.71 86.63 86.79 86.94 69.85 69.7  70.31 70.99
 69.7  69.92 70.23 70.23 69.77 69.85 75.72 75.49 75.88 75.42 75.57 75.49
 76.64 75.8  75.49 75.57 74.2  74.43 74.27 74.43 74.5  74.04 74.2  74.27
 74.73 87.55 87.17 86.56 87.32 87.47 86.86 87.55 87.01 87.17 87.32 90.14
 90.3  89.84 89.46 89.46 90.07 89.46 89.99 89.68 89.68 86.71 87.09 87.24
 86.48 87.55 86.86 86.56 86.94 86.94 86.25 69.92 70.23 69.62 69.77 71.22
 69.92 70.15 70.   69.54 70.   76.18 75.19 75.95 76.18 76.18 75.49 75.72
 75.88 75.8  75.65 74.65 74.81 74.88 74.43 74.96 74.73 74.35 74.96 74.65
 86.71 87.09 86.63 86.79 86.56 86.25 86.48 86.71 87.17 87.01 90.3  90.07
 89.61 90.14 89.68 89.23 89.68 89.3  89.46 89.53 86.33 87.55 86.71 86.63
 86.56 87.01 86.86 86.86 86.79 87.17 87.09 86.25 86.71]",915,0,5,0.3,0.3
2,Tag1,Tag2,1757345029.1027634,1757345030.4058013,"[121.58 122.57 122.64 122.72 122.11 122.42 122.57 121.96 122.42 122.49
 128.98 128.6  129.05 128.98 128.75 129.28 129.05 128.67 128.52 128.75
 129.74 129.43 129.82 129.74 129.51 129.43 129.74 129.36 129.51 129.82
 114.56 114.4  114.79 114.56 114.86 114.79 114.63 114.79 115.01 114.56
 115.55 115.55 115.09 115.4  115.32 115.78 115.7  115.01 115.32 115.55
 119.82 119.36 119.21 118.98 119.44 119.36 119.44 119.52 118.98 122.19
 122.42 122.49 122.19 122.26 122.49 122.42 122.34 122.19 122.49 128.9
 129.28 128.52 128.67 128.82 129.13 129.05 128.9  129.05 128.98 129.43
 129.51 129.51 129.59 129.74 129.66 129.59 129.74 129.74 129.28 115.01
 114.79 114.63 114.94 114.86 114.56 115.01 114.63 114.71 114.33 115.32
 115.78 115.78 115.47 115.24 115.47 115.55 115.55 115.24 115.4  119.29
 119.36 119.29 119.36 119.13 119.44 119.13 119.13 119.13 122.42 121.88
 122.26 122.42 122.11 121.81 122.03 122.34 122.57 122.64 128.82 128.52
 128.82 128.82 128.9  128.6  128.9  128.98 128.75 128.82 129.74 129.51
 129.59 129.59 129.74 129.36 129.74 129.36 129.89 129.74 114.48 114.33
 114.71 114.71 114.71 115.01 114.4  114.63 114.79 114.79 115.32 115.47
 115.93 115.63 115.63 115.85 115.78 115.55 115.47 119.67 119.44 119.29
 119.29 119.29 119.21 119.36 119.29 119.44 119.36 122.42 122.19 122.49
 122.03 122.57 122.26 122.34 122.49 122.57 122.49 128.75 129.13 128.82
 128.6  128.98 128.82 129.05 128.75 128.9  129.28 129.51 130.12 130.12
 129.51 129.43 129.51 129.66 129.89 129.66 129.82 114.94 114.63 115.24
 114.4  115.32 114.63 114.79 115.01 114.94 114.86 115.78 115.78 115.78
 115.4  115.32 115.63 115.7  115.78 115.93 119.67 118.98 119.36 118.83
 119.06 119.52 119.06 119.29 119.59 119.29 122.26 122.49 122.42 122.03
 122.19 122.42 121.96 122.26 122.34 122.49 129.05 128.67 128.67 128.75
 128.67 128.98 129.05 128.6  129.13 128.6  129.82 129.43 129.82 129.74
 129.43 129.59 129.36 129.36 129.51 129.59 114.56 114.71 114.71 114.63
 114.56 115.24 115.01 115.01 114.63 115.7  115.17 115.4  115.24 115.47
 115.55 115.47 115.47 115.4  115.32 119.59 119.21 118.91 118.98 119.52
 119.13 119.44 119.44 119.36 119.29 119.29 119.36 119.13 119.06]",915,1,5,0.32,0.32
3,Tag2,Tag1,1757345031.6514878,1757345032.9505363,"[80.83 64.74 64.74 64.66 65.04 64.74 64.58 65.04 65.12 64.28 67.64 67.56
 67.03 67.86 67.79 67.56 67.41 67.25 67.71 67.56 75.95 76.71 76.33 76.49
 76.18 76.03 76.33 76.79 76.56 86.4  87.32 86.4  87.01 87.24 86.63 86.79
 86.86 87.09 87.24 85.34 85.18 85.03 85.56 85.56 85.56 85.72 86.18 86.02
 86.25 79.23 78.77 79.46 79.31 78.7  79.   78.93 78.85 78.7  79.23 64.66
 64.66 64.89 64.89 65.04 64.97 64.74 65.04 65.04 65.58 67.41 67.48 67.1
 67.71 67.79 66.72 67.41 68.02 67.64 66.95 76.64 76.56 76.03 76.94 76.26
 76.1  76.56 77.02 77.1  87.17 87.01 87.17 87.09 86.86 87.01 87.09 87.09
 86.94 87.01 85.72 85.72 86.02 85.26 85.18 85.49 85.95 85.87 85.56 85.72
 79.08 79.16 79.46 78.39 78.93 78.47 78.7  78.55 78.32 79.   64.81 65.19
 64.97 64.74 65.04 64.89 64.74 65.04 65.58 64.97 67.71 67.56 67.03 67.86
 67.79 67.41 67.25 67.18 67.64 67.18 76.41 77.02 76.1  76.41 76.71 76.56
 76.87 76.71 76.64 86.86 86.71 86.63 87.09 86.4  86.86 86.56 87.24 86.48
 86.56 85.26 85.64 85.56 85.56 85.56 85.87 85.72 85.56 85.79 85.18 78.7
 78.77 79.   78.77 79.23 79.   79.   78.62 79.31 79.16 65.42 65.19 65.04
 64.74 65.12 65.27 64.58 65.27 65.12 64.81 68.32 67.25 67.1  67.18 67.41
 67.33 67.41 67.41 67.41 76.79 76.64 76.56 75.95 76.41 76.87 77.4  76.18
 76.49 76.03 86.94 87.09 87.24 86.86 86.86 86.56 86.56 86.18 86.86 87.01
 85.11 85.49 85.72 85.41 85.56 85.56 85.26 85.49 85.18 85.26 78.55 79.08
 79.39 79.   79.08 79.08 78.77 79.   78.93 79.23 65.19 64.89 64.66 64.74
 65.04 65.04 65.19 65.04 65.19 64.58 67.33 67.41 67.33 67.56 67.18 67.48
 68.25 67.18 67.64 76.26 76.18 76.49 76.26 76.26 76.41 76.41 76.18 76.87
 76.18 87.01 87.62 87.09 87.01 87.24 86.48 86.79 87.17 86.94 86.48 85.41
 85.41 85.34 85.64 85.72 85.41 85.79 85.11 85.41 85.34 79.08 79.69 79.31
 78.93 79.   79.   78.85 79.08 78.77 79.23 79.61 78.93 78.7 ]",915,1,5,0.32,0.32
4,Tag1,Tag2,1757345161.1897452,1757345162.4976418,"[141.72 141.34 141.34 141.11 141.57 141.57 140.88 141.34 141.03 140.96
 147.97 147.52 147.9  147.67 148.28 148.2  147.97 147.9  147.82 148.05
 145.08 145.23 145.   145.   144.77 144.92 145.   144.62 145.23 144.85
 131.34 131.49 131.49 131.57 131.19 131.65 131.72 131.04 131.27 131.65
 133.02 133.17 133.1  132.87 133.17 133.02 133.1  132.79 132.79 132.87
 138.13 137.9  137.83 137.6  137.75 138.06 137.9  137.98 137.45 137.83
 141.49 141.11 141.11 141.18 141.26 141.34 141.18 141.11 141.64 147.44
 147.52 147.82 147.67 147.59 147.67 148.05 147.52 147.75 147.9  144.85
 144.85 144.92 145.15 144.85 144.54 144.85 144.92 145.08 145.23 131.19
 131.57 131.19 131.34 131.49 131.65 131.49 130.96 131.19 131.49 132.94
 132.79 132.87 132.87 132.94 132.72 133.1  133.02 132.87 132.94 137.9
 137.98 137.75 138.28 137.9  137.75 137.9  137.9  137.6  141.34 140.88
 141.57 141.41 141.34 140.8  141.49 141.34 141.11 141.41 147.67 147.59
 147.36 148.28 147.82 148.05 147.9  147.52 147.9  147.82 145.23 144.85
 144.85 144.85 144.54 144.92 145.23 145.08 144.92 145.15 131.11 131.11
 130.96 131.11 131.27 131.27 131.42 131.11 131.04 131.57 132.72 133.02
 133.55 133.02 132.87 133.02 132.64 133.17 133.02 132.72 137.75 137.29
 137.75 138.21 137.67 137.29 137.9  137.98 138.21 141.26 141.41 141.49
 140.96 141.49 140.96 141.11 141.34 140.96 140.96 148.05 147.97 147.59
 147.67 147.44 147.52 147.82 147.44 147.29 147.44 144.62 145.   145.08
 145.   144.54 145.08 145.08 144.85 145.08 144.92 131.65 131.42 131.19
 131.27 131.11 131.27 131.19 131.04 131.57 131.04 133.17 133.02 133.17
 132.87 133.02 133.02 132.72 132.49 133.17 133.25 137.75 138.06 137.98
 137.83 137.75 138.06 137.75 137.83 137.83 141.49 141.03 140.88 141.03
 140.73 140.96 141.41 141.26 141.26 141.26 147.9  147.29 147.59 147.59
 147.36 147.59 147.67 147.52 147.67 147.9  144.62 144.85 144.92 145.
 145.   145.   145.08 145.08 145.23 145.15 131.11 131.11 131.27 131.72
 131.11 131.19 131.04 131.65 131.65 131.57 133.1  132.72 132.87 132.49
 132.56 133.02 133.02 132.87 133.1  137.6  138.06 137.6  137.98 137.9
 137.9  137.98 138.06 137.98 138.21 138.13 137.83 137.67 137.83]",915,2,5,0.34,0.34
5,Tag2,Tag1,1757345163.738241,1757345165.0371523,"[86.02 70.38 69.62 68.86 69.47 69.09 69.39 69.39 70.53 69.16 68.17 67.94
 68.78 68.55 68.02 68.4  68.09 68.09 69.39 69.01 84.88 85.72 85.95 85.87
 86.18 85.79 86.18 85.64 85.87 91.97 91.44 92.13 92.13 92.2  91.36 91.59
 91.82 92.43 92.28 86.33 87.24 87.17 87.47 86.94 86.63 86.63 86.63 86.71
 89.07 78.62 77.63 78.09 78.39 77.63 78.24 78.16 78.77 79.16 79.31 70.38
 70.   69.54 69.16 69.54 70.   69.39 69.7  69.54 69.39 68.55 69.16 69.01
 68.25 68.78 68.93 68.4  69.85 69.09 86.02 85.26 85.87 85.49 86.18 86.1
 85.95 86.1  86.48 85.79 92.58 92.97 91.82 91.82 91.74 92.66 92.2  92.36
 91.97 92.2  86.71 86.79 87.09 87.17 86.79 87.32 87.09 86.86 86.79 86.71
 78.01 78.47 78.24 78.24 77.94 78.01 77.4  78.7  77.71 78.24 69.01 69.62
 69.16 68.86 68.86 69.09 68.86 69.47 69.39 69.24 68.09 68.02 68.02 68.55
 68.02 67.86 68.4  68.32 70.92 86.94 85.11 84.95 85.72 85.72 85.49 85.72
 85.56 87.01 86.25 91.9  92.13 91.9  92.2  92.58 91.52 91.9  91.9  91.82
 92.2  86.1  87.09 86.1  86.18 86.71 86.63 86.25 86.33 87.24 86.02 77.17
 78.39 78.09 78.16 77.94 78.01 77.25 77.63 77.33 78.47 70.38 70.76 69.31
 69.39 69.24 69.7  69.47 69.54 69.7  68.78 68.25 69.77 69.09 68.09 68.17
 68.47 69.54 68.32 68.09 85.11 85.72 85.41 84.95 84.8  85.56 86.33 85.34
 85.72 85.95 91.44 91.74 91.82 92.36 91.67 91.74 92.05 93.65 92.81 91.59
 86.94 87.01 86.71 86.63 86.18 87.24 86.79 86.4  86.94 87.09 78.01 78.39
 78.62 78.09 78.32 78.09 77.33 77.55 78.16 78.55 68.86 69.54 70.08 69.24
 69.39 69.39 69.47 69.01 69.09 68.78 68.55 67.94 69.09 69.16 68.4  67.86
 67.94 67.94 67.79 85.34 86.25 85.26 85.41 85.64 85.64 85.72 86.33 85.72
 85.95 91.97 92.36 92.51 92.13 91.67 91.9  91.67 91.74 92.28 91.74 86.02
 87.32 87.09 87.09 86.79 87.55 87.09 86.33 87.62 87.24 79.31 78.24 78.39
 78.16 78.62 78.85 78.09 78.01 78.7  78.39 78.77 78.16 77.63]",915,2,5,0.34,0.34
6,Tag1,Tag2,1757345387.9575782,1757345389.265934,"[157.05 162.55 162.62 163.23 162.7  162.47 162.93 162.93 163.08 163.23
 168.65 168.96 168.42 168.88 168.96 169.03 168.96 168.35 168.42 169.11
 160.56 160.49 160.72 160.33 160.79 161.02 160.49 161.02 160.33 160.56
 150.11 150.42 150.49 150.03 150.34 150.19 150.11 150.49 150.19 150.19
 152.7  152.7  153.01 153.32 152.78 152.55 152.78 152.93 152.93 153.16
 159.19 159.27 159.42 159.34 158.73 158.81 159.04 159.19 158.81 162.47
 163.08 162.78 162.7  162.17 162.62 162.7  162.93 162.24 162.55 168.35
 168.5  168.42 168.57 169.03 168.73 169.03 168.27 168.88 168.96 160.26
 160.41 160.72 160.49 160.79 160.94 160.79 160.64 160.56 160.72 150.49
 150.64 149.73 150.42 150.8  150.11 150.34 150.42 150.19 150.42 152.93
 152.7  152.86 152.93 152.93 152.86 153.32 153.01 152.4  152.93 159.19
 158.35 159.04 158.81 159.04 159.11 158.66 159.19 159.04 162.62 162.85
 163.23 162.78 162.47 162.55 162.39 162.55 162.39 162.32 168.73 168.57
 168.88 168.73 168.73 169.11 168.8  168.5  168.88 168.42 160.72 160.79
 160.64 160.56 160.41 160.41 160.49 160.64 160.56 160.03 150.42 150.49
 150.19 149.88 150.19 150.03 150.34 150.11 150.34 149.96 152.7  153.09
 152.7  152.55 152.7  153.09 152.86 152.93 152.78 153.01 159.34 158.88
 158.73 158.66 158.73 158.88 158.66 158.96 159.27 162.78 162.78 162.24
 162.17 162.78 161.94 162.24 163.84 164.61 164.45 170.41 170.48 170.33
 170.33 170.41 170.86 170.63 170.02 170.18 170.33 162.32 162.62 162.32
 162.32 162.55 162.24 162.17 162.17 162.32 162.32 151.64 152.02 151.71
 151.64 151.79 151.56 151.87 151.41 151.56 151.1  154.   154.31 154.08
 154.54 154.69 154.46 154.54 154.31 154.31 160.56 160.72 160.11 160.33
 160.41 160.79 160.64 160.72 160.79 160.49 164.23 164.15 164.07 164.
 164.53 164.15 164.38 164.15 164.23 164.   170.41 170.41 170.48 170.25
 170.25 170.71 170.63 170.1  170.33 170.48 162.32 162.55 162.01 161.94
 162.32 162.01 162.01 162.55 161.94 162.47 151.87 151.94 152.02 151.79
 152.09 151.87 151.87 151.41 151.71 151.79 154.69 154.31 154.38 154.61
 154.38 154.69 154.54 154.76 154.08 160.49 160.72 160.33 160.56 160.56
 160.41 160.03 160.64 160.49 160.33 160.64 160.79 160.72 160.33]",915,3,5,0.36,0.36
7,Tag2,Tag1,1757345390.503959,1757345391.810562,"[89.76 75.57 76.41 75.95 75.34 75.8  75.49 75.8  75.8  76.1  71.22 71.53
 71.22 71.6  71.3  71.22 71.15 71.91 71.6  71.91 93.42 93.27 94.19 94.49
 94.8  93.88 93.58 94.03 94.34 94.26 93.88 93.88 93.5  94.11 93.88 94.57
 93.96 94.26 94.11 85.64 85.41 86.02 85.95 86.02 85.64 86.18 86.02 86.18
 87.62 76.94 76.64 77.02 76.87 76.49 77.17 76.49 78.39 76.87 76.41 75.57
 76.03 75.57 76.18 76.33 76.49 75.57 76.33 76.94 75.72 71.3  71.6  71.37
 71.22 70.99 70.99 70.92 71.37 71.76 71.83 93.65 94.11 94.11 94.42 94.42
 93.58 93.96 94.03 94.03 94.42 94.34 94.34 95.25 94.57 94.11 94.03 94.03
 94.11 94.64 85.64 85.87 85.56 86.02 85.87 85.34 85.95 86.1  87.32 86.63
 76.71 76.71 76.41 76.87 76.56 76.64 76.94 77.55 76.49 76.64 76.26 75.95
 75.95 75.8  76.18 76.1  75.95 76.18 75.95 76.1  72.21 71.76 71.83 71.3
 71.22 71.45 71.68 71.37 71.22 94.26 94.11 94.19 94.26 93.88 93.88 94.8
 95.79 94.03 94.19 94.19 94.42 93.96 94.26 94.57 94.64 95.18 94.11 95.1
 95.03 85.95 85.72 87.09 86.71 86.48 85.64 85.87 86.02 86.25 86.94 77.4
 76.56 76.41 77.1  77.1  76.56 76.49 77.55 77.1  77.17 76.1  76.56 75.95
 75.8  76.41 76.1  75.88 76.41 76.71 75.72 72.98 71.53 71.83 71.53 71.83
 71.22 71.83 71.6  71.37 94.03 93.96 94.42 94.95 94.34 93.88 94.19 94.03
 94.19 93.96 94.64 94.19 93.96 95.64 94.64 94.64 94.26 94.8  94.72 94.49
 87.24 85.72 86.02 85.49 86.4  86.1  86.25 86.02 86.02 85.79 76.64 76.71
 76.87 77.71 76.94 77.33 77.48 76.64 77.25 76.94 75.8  76.03 76.33 76.03
 75.88 76.87 76.33 75.65 75.8  71.68 71.07 71.53 72.21 71.45 71.91 71.98
 71.37 71.91 71.68 93.96 94.03 93.73 94.19 94.19 93.96 94.26 94.34 94.64
 94.34 94.42 93.8  93.96 94.34 94.34 96.48 95.18 95.48 94.64 94.26 86.4
 85.95 86.02 85.95 85.79 86.02 85.56 85.34 86.33 86.1  76.71 76.87 77.33
 77.1  77.17 76.94 76.71 77.48 77.17 77.1  77.25 77.1  76.64 77.33]",915,3,5,0.36,0.36
8,Tag1,Tag2,1757345435.2348027,1757345436.5389082,"[171.7  182.69 183.07 183.07 183.15 182.46 182.76 183.15 182.23 182.76
 182.69 186.43 187.04 186.66 186.58 186.88 186.58 186.5  186.5  186.73
 186.43 172.69 172.77 173.   173.08 172.47 171.4  172.39 172.31 172.69
 168.88 168.57 168.96 168.88 168.65 168.42 168.88 168.65 168.57 168.8
 172.47 171.93 172.69 172.54 173.08 172.24 172.62 172.31 172.54 172.77
 179.18 179.64 179.1  179.26 179.64 179.64 178.95 179.48 179.41 179.1
 182.76 182.54 182.69 181.85 182.38 182.76 182.69 182.15 182.84 182.76
 186.35 186.73 186.96 186.35 186.66 185.89 186.43 186.58 186.58 186.58
 172.39 172.31 172.24 172.16 172.47 172.08 172.16 172.39 172.62 168.57
 168.73 169.18 169.03 169.03 168.88 169.03 169.18 169.18 169.11 171.93
 172.77 172.62 173.61 172.69 172.77 172.31 172.54 172.47 172.69 179.18
 179.18 179.18 178.95 179.18 179.26 179.41 178.72 179.18 178.65 182.46
 182.54 182.84 182.46 182.61 182.84 182.99 183.07 182.84 182.   186.43
 186.5  186.27 186.96 185.97 186.35 186.66 186.58 186.73 172.47 172.01
 171.78 172.47 172.47 172.39 172.62 171.78 172.69 173.   168.8  168.42
 169.11 168.8  168.19 168.88 168.88 168.65 168.8  168.65 172.69 172.47
 172.31 172.62 172.54 172.85 172.24 172.47 172.47 172.39 179.03 179.56
 179.56 179.41 179.56 179.41 179.33 179.1  179.33 179.26 182.76 182.46
 182.23 182.92 182.99 182.54 182.54 182.61 183.07 183.22 186.58 186.81
 186.43 186.58 186.43 186.5  186.35 186.58 186.73 172.77 172.01 172.39
 172.62 172.08 172.31 172.16 172.24 172.47 172.24 169.11 168.96 168.65
 168.73 168.96 168.35 168.8  168.42 168.65 168.65 172.47 172.16 172.24
 172.47 172.31 172.31 172.31 172.08 172.54 172.01 179.64 179.03 178.95
 179.64 178.72 179.41 179.03 178.65 179.41 179.33 182.46 182.69 182.31
 182.69 182.15 182.46 182.31 182.84 182.15 184.67 186.43 186.81 186.27
 186.58 186.58 186.66 186.5  186.35 186.12 172.39 172.16 172.31 172.39
 172.47 172.16 172.16 171.78 172.31 172.24 168.57 168.73 168.57 168.57
 168.57 168.65 168.27 168.73 168.5  168.8  172.39 172.54 172.39 171.93
 172.24 172.62 172.24 172.08 172.54 172.47 179.41 178.95 179.48 178.95
 179.56 179.18 179.03 179.26 179.26 179.03 178.72 179.26 179.26]",915,4,5,0.38,0.38
9,Tag2,Tag1,1757345437.7775056,1757345439.0828629,"[100.67  91.9   91.82  92.05  91.97  91.97  91.97  92.36  91.67  92.05
  83.73  84.27  84.42  84.5   84.19  84.73  85.26  84.5   84.19  84.12
 107.92 107.92 107.77 107.77 107.77 108.38 107.69 107.69 107.54 108.
 100.52 100.67 102.43 100.37 100.6  100.82 100.37 100.67 101.89 100.67
  90.75  90.45  90.37  90.83  90.07  90.68  90.83  91.44  90.6   90.52
  82.74  83.43  83.5   83.66  83.58  83.89  83.58  83.28  83.35  92.28
  92.13  91.97  91.97  92.13  91.59  91.74  91.74  91.67  91.74  84.12
  84.27  84.65  84.65  84.19  84.04  84.95  84.88  84.04  84.27 107.54
 107.61 108.22 108.22 108.15 107.31 108.   108.15 107.84 108.   101.36
 100.67 100.67 100.37 101.43 100.67 100.98 100.75 100.37 101.66  90.83
  90.6   90.91  90.37  90.91  90.52  90.45  90.83  90.98  91.13  83.58
  83.5   83.89  83.5   84.34  83.73  83.43  83.35  83.43  92.05  92.2
  92.43  91.67  91.97  91.82  91.82  91.74  91.9   91.82  84.19  84.65
  84.57  84.57  85.18  84.73  84.27  84.12  84.04  84.95 107.46 107.61
 107.77 107.69 107.69 107.69 107.39 108.   107.39 109.6  101.21 100.82
 101.36 100.6  100.67 100.6  101.82 100.98 100.21 100.6   90.83  90.52
  90.83  90.91  90.83  90.75  90.3   90.45  90.22  84.8   83.05  83.35
  83.66  83.81  83.35  83.28  83.43  83.58  82.59  92.05  92.2   91.59
  92.2   92.58  91.74  91.44  91.44  92.58  91.97  84.5   84.5   86.02
  84.19  84.27  84.42  84.42  84.5   84.42  84.34 107.23 107.92 107.61
 107.46 108.3  108.07 108.3  107.92 107.61 108.   100.82 100.44 100.44
 100.67 100.52 101.13 101.59 100.67 100.52 100.75  90.91  90.75  90.68
  90.75  91.06  91.82  91.06  90.6   90.83  83.96  83.58  83.66  83.66
  83.96  83.05  83.81  83.81  83.35  82.97  91.82  92.58  91.67  91.59
  91.67  91.67  91.44  92.28  91.9   92.97  84.65  84.04  84.04  84.65
  84.04  84.57  85.72  84.12  84.57  84.73 107.84 107.77 108.   107.54
 108.91 108.61 107.84 107.39 107.77 108.07 100.44 101.43 100.9  100.67
 100.37 101.13 100.82 101.21 100.29 100.29  90.75  90.68  90.45  91.13
  90.83  90.68  91.06  90.98  90.3   83.12  82.74  83.35  83.81  83.12
  83.05  83.35  83.58  83.66  83.43  84.12  84.88  82.89  83.58]",915,4,5,0.38,0.38
10,Tag1,Tag2,1757345571.2007575,1757345572.5085146,"[176.28 189.02 189.48 189.17 188.87 189.25 189.4  189.17 188.79 188.87
 189.4  189.1  189.1  189.86 189.4  189.02 189.25 188.94 189.63 189.1
 189.63 172.08 172.08 172.08 171.85 171.85 171.85 171.7  171.63 171.55
 171.47 177.27 177.27 176.97 177.35 176.89 177.27 177.42 177.12 176.89
 181.32 180.93 181.54 181.47 181.24 180.86 181.39 181.54 181.62 181.24
 187.8  187.27 187.04 187.34 187.04 187.27 187.72 186.73 187.34 187.27
 189.25 189.25 189.25 189.78 189.02 189.1  189.86 189.17 189.48 189.4
 189.02 189.02 189.02 188.94 189.1  189.25 189.48 189.71 189.78 189.48
 172.31 171.47 171.7  171.63 172.01 171.7  171.78 172.01 171.7  171.93
 177.42 177.35 176.43 177.12 177.96 177.5  177.12 177.04 177.2  181.09
 181.85 181.54 181.62 180.93 181.32 181.24 181.77 181.24 181.01 187.11
 187.5  187.8  187.5  187.5  187.11 187.34 187.42 187.19 187.42 189.4
 189.33 189.71 189.33 189.17 189.33 189.02 189.33 189.48 189.33 189.48
 188.72 189.4  189.17 188.87 189.56 189.02 189.33 189.33 189.33 171.78
 171.85 172.16 171.63 171.93 172.08 171.85 171.55 171.78 177.04 176.89
 177.27 177.27 177.04 177.04 176.81 177.27 176.97 177.04 181.7  181.54
 181.09 181.39 181.93 181.24 181.16 180.55 181.09 181.39 187.27 187.34
 187.34 187.42 186.88 187.5  187.42 187.34 187.8  187.27 189.25 188.94
 189.1  189.25 189.25 189.17 189.71 189.4  189.1  189.48 189.17 189.56
 189.1  189.25 189.17 189.86 188.94 189.33 189.48 189.33 171.85 172.01
 171.78 172.01 171.78 171.63 172.01 171.93 171.85 176.74 177.12 176.89
 177.12 177.65 177.04 177.04 177.2  177.04 176.89 181.01 181.01 181.16
 181.24 181.54 181.62 181.09 181.32 181.24 181.16 187.04 187.88 187.34
 186.88 187.65 187.27 187.42 187.19 187.65 187.42 188.56 189.25 189.25
 189.17 189.56 189.17 188.94 189.17 189.17 189.71 189.4  188.79 189.1
 189.17 189.33 189.33 189.1  189.56 188.94 172.24 172.01 172.08 171.78
 172.24 171.85 171.63 171.78 172.08 171.85 177.2  177.2  176.89 176.66
 177.58 177.5  177.27 177.2  177.04 176.89 181.16 181.24 181.62 181.39
 181.01 181.09 181.16 180.86 181.39 181.47 186.88 187.65 187.5  187.42
 187.34 187.27 187.11 186.73 187.04 186.66 186.58 187.8  187.34 187.5 ]",915,5,5,0.4,0.4
11,Tag2,Tag1,1757345573.751791,1757345575.048115,"[104.72 103.34 103.27 103.88 102.66 103.49 103.34 103.11 103.27 103.49
  94.26  93.73  93.8   93.8   94.42  94.42  95.03  94.11  94.03  93.73
 112.19 112.04 112.5  112.8  112.42 112.5  112.19 112.65 112.42 112.27
  99.6  100.06  99.22  99.68 100.6   99.98  99.91  99.83  99.68  99.22
  90.52  90.68  90.75  90.75  90.68  90.52  90.75  90.3   90.75  86.94
  86.94  86.33  86.71  87.09  87.24  86.56  86.33  86.63  87.01 102.88
 104.33 103.42 103.04 102.96 104.18 102.88 103.34 102.96 103.49  94.72
  94.03  94.03  93.88  94.64  93.96  93.88  94.57  93.58  93.73 111.73
 113.26 113.41 112.57 112.04 112.12 112.27 112.73 111.81 112.42  99.53
  99.3   99.15  99.98  99.22  99.45  98.99  98.99  99.45  99.53  90.6
  90.37  89.91  90.37  90.83  89.91  90.14  90.6   91.97  86.79  86.63
  86.4   87.24  86.18  86.4   86.4   86.79  86.79  85.95 102.43 102.96
 102.66 103.04 102.88 103.49 103.27 102.58 102.5  102.73  94.19  94.19
  93.96  93.5   94.26  93.58  93.73  94.11  94.19  94.34 111.96 112.42
 111.73 111.96 113.03 112.34 112.19 112.65 112.12 112.65  99.3  100.14
  99.22  99.22  99.22  99.15  98.84  99.6   98.92  99.45  90.75  90.3
  90.3   89.99  90.91  90.75  90.22  89.99  89.84  87.47  86.79  86.71
  86.63  87.24  86.79  86.18  86.48  86.86  87.78 102.58 102.88 103.27
 102.73 102.96 102.35 103.19 102.81 103.04 103.04  94.11  94.26  95.03
  94.03  94.34  94.34  94.34  94.03  93.96  93.42 112.34 112.95 112.19
 112.34 112.65 111.81 112.88 111.96 112.19 112.04  99.45  99.3   99.37
  99.07  99.22  99.3   99.3   99.76  98.92  90.22  90.52  90.6   90.52
  90.22  89.84  91.29  90.3   89.91  90.45  87.24  86.86  86.56  86.48
  87.01  86.94  86.56  87.01  87.47  86.71 102.96 102.2  102.73 103.11
 102.58 102.81 102.66 104.18 104.72 102.96  93.58  94.42  94.03  93.5
  93.8   94.19  93.96  94.19  93.88  94.11 111.81 112.12 111.66 112.27
 112.12 112.57 112.27 112.12 111.89 112.04  99.15  99.53  99.68  99.68
  99.15  98.99  99.91  99.45  99.3   90.91  91.06  90.91  90.52  90.14
  91.21  90.68  90.68  89.68  91.13  87.32  86.4   86.48  86.86  86.71
  86.71  86.94  87.09  87.55  87.24  86.33  86.4   86.63  87.01]",915,5,5,0.4,0.4
12,Tag1,Tag2,1757345903.5547357,1757345904.857138,"[176.05 185.36 185.44 185.13 185.28 185.21 185.44 185.28 185.36 185.21
 182.38 182.38 181.93 182.31 182.23 182.08 182.23 182.31 182.15 182.
 166.13 165.98 165.98 165.29 165.37 165.67 165.83 166.29 166.21 177.42
 177.27 177.5  177.5  178.34 177.5  177.42 177.27 177.65 177.58 181.77
 181.24 181.47 180.93 181.47 181.16 181.39 181.47 181.09 181.39 184.98
 185.05 184.82 184.6  185.36 184.98 184.98 184.75 184.82 184.9  185.44
 185.44 184.9  185.21 185.44 185.28 185.51 185.51 185.05 185.28 182.31
 182.54 181.7  182.61 182.69 182.31 182.23 182.08 182.69 182.23 166.13
 165.98 166.21 165.98 165.98 165.9  165.9  166.21 165.75 177.81 177.12
 177.42 177.81 177.35 177.42 177.12 177.81 177.81 177.81 181.62 181.32
 180.7  180.86 181.24 181.32 181.24 181.54 181.32 181.24 185.51 185.21
 185.05 184.75 184.98 184.82 184.52 184.52 184.98 184.67 185.36 185.05
 185.51 185.13 185.36 185.44 185.66 185.21 185.59 185.21 182.08 181.54
 182.15 182.23 181.93 182.38 182.08 182.31 182.54 166.21 165.6  165.9
 165.6  165.67 166.21 165.52 165.9  165.67 165.98 177.42 177.58 177.73
 177.88 178.03 177.73 178.03 177.65 177.73 177.81 180.7  181.24 181.09
 180.7  181.16 181.16 181.09 180.93 181.32 181.47 184.82 185.21 185.05
 184.9  185.59 184.98 185.05 185.13 185.28 185.51 186.05 185.74 185.44
 185.36 185.97 185.51 185.89 185.51 185.28 185.51 182.15 182.46 182.46
 182.46 182.76 182.23 181.93 182.   182.31 166.44 166.36 165.9  165.75
 166.44 165.67 166.21 166.06 165.83 166.67 177.73 177.81 177.42 177.42
 178.03 177.42 177.73 177.58 177.65 177.81 181.24 181.32 180.93 181.62
 181.32 181.09 181.54 181.32 181.16 181.09 184.98 184.9  185.28 184.82
 184.9  185.21 186.12 185.13 185.05 185.51 185.13 184.98 185.05 185.74
 185.36 185.51 185.51 185.82 185.28 185.36 182.15 181.85 182.46 182.69
 181.7  182.23 182.31 182.15 182.54 166.36 165.75 166.21 165.75 165.98
 166.13 165.83 166.29 165.98 165.75 177.5  177.65 177.65 177.81 177.88
 177.88 178.42 177.81 177.96 177.35 181.54 181.54 181.7  181.54 180.86
 181.16 180.93 181.32 180.78 181.16 184.9  184.98 185.51 184.98 185.21
 185.05 185.13 184.9  185.13 184.9  185.66 185.36 185.21]",915,6,5,0.42,0.42
13,Tag2,Tag1,1757345906.0946069,1757345907.3995962,"[ 96.4  100.82 100.9  100.82 100.98 100.75 101.05 100.6  100.98 100.52
  92.89  92.05  92.05  93.04  92.74  93.12  92.28  92.97  92.05  92.28
 102.12 101.82 102.27 102.12 102.35 102.2  102.04 102.27 102.2  102.58
  87.09  88.01  87.62  87.47  87.55  86.94  87.4   87.4   87.93  87.32
  80.76  80.61  81.29  81.14  81.06  81.52  80.53  80.83  81.29  80.91
  81.14  81.14  81.52  81.52  82.21  81.14  81.22  81.22  81.52 101.28
 100.75 100.75 100.67 100.67 100.37 100.29 100.44 100.44 100.75  92.51
  92.97  92.58  92.58  92.2   92.2   92.2   92.2   92.36  91.9  102.27
 102.2  102.12 102.12 102.2  102.2  102.2  102.12 102.04 102.2   87.24
  86.79  87.4   87.93  87.4   87.62  87.47  87.85  87.78  87.09  81.45
  81.14  81.22  81.29  80.99  81.37  80.76  81.22  81.45  80.99  80.68
  81.45  81.52  81.6   81.52  80.76  82.06  81.83  80.91 100.6  100.9
 100.6   99.98 100.29 100.44 100.44 100.67 100.37 101.05  92.28  92.28
  92.51  92.28  92.74  93.42  92.74  92.05  92.28  92.89 102.5  102.12
 102.2  102.5  102.5  102.35 102.2  102.12 101.97 101.89  87.24  86.86
  87.09  87.4   87.09  87.93  87.78  87.4   87.55  87.62  80.99  81.37
  81.45  80.83  81.22  81.45  81.14  80.76  80.99  81.52  81.22  81.14
  81.45  81.52  80.68  80.83  81.6   81.45  81.14 100.82 100.9  100.44
 100.9  100.67 100.75 100.75 100.67 100.29 100.67  92.51  92.05  92.2
  92.81  92.74  92.66  92.58  92.74  92.81  92.36 102.12 101.97 102.35
 101.89 102.35 102.2  102.2  102.04 102.12 102.43  87.24  87.93  87.55
  87.78  87.62  88.31  87.24  87.93  87.24  87.47  81.22  80.83  81.14
  81.22  81.14  81.29  80.83  80.99  80.91  81.22  81.67  81.75  81.37
  81.98  81.06  81.06  81.22  81.98  81.14 100.6  100.67 100.75 100.82
 100.67 101.05 100.9  101.05 101.28 100.6   92.51  92.58  92.74  92.81
  92.36  93.35  92.43  93.27  93.27  92.97 101.97 102.43 102.5  102.58
 102.73 102.43 102.35 102.27 102.12 101.89  87.17  87.32  87.47  87.7
  88.01  87.62  87.47  87.7   88.24  87.24  81.14  81.06  80.68  80.76
  81.14  81.22  81.75  81.6   81.14  81.45  81.37  81.67  81.6   81.52
  82.51  81.67  81.6   82.44  81.75  81.29  80.91  81.29  81.75]",915,6,5,0.42,0.42
14,Tag1,Tag2,1757345975.9271693,1757345977.2355626,"[166.44 173.91 173.84 173.3  173.91 173.84 173.61 174.22 173.69 169.18
 169.41 169.41 169.34 168.96 169.18 169.49 169.11 169.11 168.88 156.67
 156.52 156.82 156.82 156.37 156.82 156.6  156.37 156.21 156.75 170.18
 170.41 170.63 170.56 170.71 170.63 170.71 170.56 170.56 170.48 173.23
 173.   173.   173.08 173.3  173.3  173.46 173.08 173.23 173.3  174.91
 174.45 174.37 174.53 174.53 174.14 174.22 174.45 174.3  174.53 173.76
 173.84 173.38 173.46 173.61 173.69 173.69 173.46 173.38 169.26 169.18
 169.34 168.96 169.03 168.88 168.65 168.73 168.8  168.8  156.6  156.52
 156.6  156.44 156.29 156.21 156.52 156.44 156.6  156.52 170.48 170.71
 170.33 170.33 170.79 170.33 170.41 170.48 170.41 170.63 173.15 172.47
 172.77 173.15 173.08 173.23 172.85 173.38 173.3  173.3  174.6  174.22
 174.6  174.37 174.53 174.53 174.83 174.37 174.53 173.38 173.61 173.15
 173.99 173.46 173.76 173.76 173.76 173.61 173.69 168.96 169.41 168.8
 168.8  169.11 168.88 168.57 169.03 169.18 169.34 157.05 156.75 156.21
 156.44 156.06 156.6  156.6  156.37 156.82 156.52 170.71 170.86 170.48
 170.41 170.71 170.63 170.71 170.94 170.25 170.56 173.08 173.   173.46
 173.08 173.23 173.15 173.3  173.23 173.23 173.   174.91 174.83 174.75
 174.68 174.6  174.6  174.14 174.45 174.22 173.3  173.38 173.61 173.76
 173.38 173.69 173.46 173.91 173.38 173.3  169.26 168.73 169.03 168.8
 169.18 168.96 168.8  169.11 169.03 168.96 156.52 156.52 156.52 156.82
 156.75 156.21 156.75 155.99 156.37 156.44 170.25 170.71 170.56 170.94
 170.71 170.41 170.71 170.56 170.86 170.86 173.3  173.15 172.92 173.61
 173.08 172.54 173.3  173.08 172.62 172.85 174.22 174.68 174.6  174.75
 174.37 174.37 174.53 174.22 174.45 173.15 173.61 173.53 173.61 173.3
 173.76 173.61 173.84 173.   173.69 169.03 169.11 168.96 168.8  168.73
 169.11 168.88 169.18 168.8  168.96 156.44 156.67 156.75 156.67 156.44
 156.52 156.6  156.52 156.75 156.6  170.48 170.48 170.48 170.71 170.86
 170.71 170.63 170.33 170.02 170.41 173.15 173.3  173.23 172.85 173.15
 172.92 173.15 173.23 173.3  174.53 175.06 175.14 174.83 174.22 174.07
 174.53 174.45 174.37 174.6  174.22 174.37 174.6  174.22]",915,7,5,0.44,0.44
15,Tag2,Tag1,1757345978.471141,1757345979.774629,"[74.96 84.19 83.89 84.27 84.04 85.11 85.03 84.5  84.19 85.03 77.63 78.09
 77.71 79.46 78.62 77.63 78.16 78.24 77.86 77.71 79.69 81.6  80.99 80.76
 80.22 80.45 80.38 79.54 81.22 67.18 66.57 66.19 66.11 66.72 65.96 65.73
 67.79 66.72 66.64 62.6  62.45 63.21 63.06 63.9  63.06 62.68 62.83 62.98
 62.98 66.03 65.65 66.03 65.88 66.03 65.73 65.5  66.03 66.34 65.35 84.42
 84.57 83.5  84.42 83.81 83.81 84.19 84.5  84.73 84.8  78.62 77.63 77.55
 78.09 78.16 78.47 78.7  78.09 77.78 80.53 80.38 81.37 80.38 81.75 80.68
 79.84 80.22 80.45 79.77 66.34 67.94 66.34 66.11 66.19 66.34 67.33 65.96
 66.19 66.49 63.13 62.83 62.83 62.75 62.98 63.13 62.75 63.06 63.06 63.21
 65.27 66.49 65.5  67.18 65.73 66.03 66.03 65.42 65.12 66.87 83.81 84.73
 84.19 84.04 85.34 84.04 84.04 84.34 84.95 85.18 78.01 77.55 78.32 77.78
 77.63 78.24 78.24 77.55 77.78 80.3  80.07 80.07 79.54 80.38 80.68 80.38
 79.92 79.61 80.3  67.03 67.86 66.57 66.41 66.34 65.88 66.26 66.03 67.25
 66.57 62.45 62.83 62.83 62.91 62.98 63.21 62.52 62.91 63.13 64.89 65.8
 66.11 65.5  66.26 66.11 65.5  65.58 66.64 66.49 65.88 84.8  84.65 84.73
 83.66 84.42 83.96 83.89 84.12 84.19 85.87 77.48 77.71 77.78 78.09 78.01
 77.55 77.71 78.7  77.94 80.22 80.3  80.07 80.45 81.22 80.3  80.07 80.22
 80.38 79.77 66.87 66.26 66.49 66.41 66.19 66.03 66.26 66.19 66.8  66.34
 62.68 62.75 62.75 63.21 63.13 63.13 63.21 62.68 63.36 63.13 65.73 66.34
 65.65 66.03 65.27 65.8  66.03 65.8  65.58 65.8  84.42 84.73 83.81 84.5
 86.02 84.19 84.27 84.12 83.89 77.86 79.08 77.78 77.78 77.78 78.39 77.71
 78.09 78.16 77.63 79.92 79.84 80.3  79.84 79.61 79.77 80.99 80.07 79.92
 79.92 66.34 66.41 65.8  66.11 66.34 66.03 66.19 66.57 66.26 66.26 62.52
 63.97 64.81 63.29 63.59 62.29 62.6  62.98 63.29 63.29 65.5  65.42 65.19
 65.73 66.49 65.5  66.03 65.88 65.58 65.96 65.73 66.03 65.65]",915,7,5,0.44,0.44
16,Tag1,Tag2,1757346132.0791662,1757346133.3809934,"[157.43 161.25 161.17 160.94 161.02 161.1  161.1  160.87 161.02 161.02
 161.1  156.21 156.52 155.83 156.29 156.14 156.37 156.29 156.06 155.99
 156.67 148.43 148.81 148.66 148.74 148.58 148.43 148.97 148.43 148.43
 161.94 161.78 161.48 161.4  161.71 161.63 161.33 161.63 161.86 162.17
 162.93 162.78 163.31 162.85 162.7  162.93 163.16 162.47 162.62 162.62
 162.85 162.55 162.47 162.47 162.39 162.78 162.62 162.32 162.7  162.62
 161.33 161.17 161.02 161.1  161.02 160.79 160.94 161.02 161.02 160.94
 156.52 156.75 156.52 156.29 156.44 156.67 156.37 156.44 156.44 157.28
 149.12 148.97 149.12 148.74 148.89 148.74 148.97 148.58 148.97 161.63
 161.4  161.48 161.33 161.63 161.55 162.09 161.48 161.71 161.94 162.93
 162.93 163.08 163.16 163.16 162.78 162.93 162.62 163.16 162.78 162.32
 162.62 162.7  162.7  162.55 162.01 162.39 162.55 162.32 162.78 161.02
 160.94 161.17 160.56 161.02 160.94 161.02 160.87 160.64 161.25 156.21
 156.67 156.37 156.75 156.44 156.67 156.37 156.14 156.44 148.89 149.2
 148.97 149.04 148.89 149.04 148.89 148.81 148.66 148.28 161.17 161.63
 161.55 161.71 161.4  161.86 161.86 162.01 161.48 161.78 162.55 162.85
 162.85 162.85 162.85 162.78 162.93 163.39 162.85 162.62 162.17 162.78
 162.7  162.32 162.78 162.47 162.78 162.93 162.39 162.17 161.55 161.25
 161.1  160.87 161.1  161.1  161.4  161.33 160.87 161.02 156.29 155.99
 156.52 156.44 156.06 156.6  156.52 156.52 156.52 148.89 148.89 148.81
 148.89 149.12 149.04 148.81 148.58 148.43 148.74 161.86 161.55 161.48
 161.78 161.33 161.71 161.48 162.09 161.48 161.55 163.08 163.   163.16
 163.16 163.   163.08 162.78 163.08 162.85 162.93 162.17 162.47 162.55
 162.39 162.24 162.7  162.7  162.7  162.62 162.17 161.25 161.02 160.79
 160.87 160.49 160.94 161.4  160.94 161.17 156.44 156.21 156.44 156.37
 156.37 156.14 156.29 156.37 156.44 156.37 148.66 148.28 148.58 148.81
 148.66 148.66 148.81 148.66 148.43 148.58 161.55 161.48 161.78 161.71
 161.78 161.94 161.71 161.55 161.4  161.94 162.85 163.16 163.31 162.93
 163.08 162.78 162.62 162.93 162.93 163.54 162.78 162.24 162.62 162.7
 162.7  162.32 162.78 162.32 162.24 162.7  162.17 162.62 162.47]",915,8,5,0.46,0.46
17,Tag2,Tag1,1757346134.6209185,1757346135.9270408,"[52.07 61.07 61.91 61.61 61.76 61.46 61.91 62.14 62.6  62.07 57.95 57.72
 57.95 58.4  58.25 59.01 58.56 57.95 57.95 58.63 54.51 54.67 54.67 54.36
 54.51 54.74 54.97 54.74 54.13 54.82 43.98 43.68 44.59 43.76 43.68 45.59
 44.14 43.68 44.37 43.76 43.83 43.37 43.68 43.3  43.22 43.45 43.45 43.07
 43.37 42.92 47.72 48.03 48.18 47.57 48.26 47.72 47.57 48.18 48.71 62.45
 63.21 61.84 61.84 62.14 61.61 61.46 61.53 63.29 61.61 58.25 58.4  57.87
 57.79 57.95 58.25 57.64 57.95 58.4  58.79 54.21 54.82 54.13 55.58 54.74
 54.97 54.82 55.2  54.67 54.36 43.91 44.06 44.29 43.76 44.37 43.22 43.76
 44.37 43.83 43.91 43.07 43.3  43.22 43.53 43.53 42.69 43.07 43.22 44.37
 43.91 47.49 47.42 47.49 47.34 47.8  47.57 47.49 47.11 47.88 61.76 61.61
 62.29 61.84 61.99 61.38 61.46 61.91 61.61 61.68 57.64 57.87 58.4  57.79
 57.87 57.87 58.33 58.48 58.18 57.79 54.89 54.67 54.13 54.67 54.67 54.59
 54.59 54.89 54.97 54.67 43.76 44.21 43.76 44.21 44.06 44.29 43.68 45.59
 43.45 43.6  43.07 43.22 43.07 42.92 42.76 44.14 43.3  43.14 43.37 43.45
 47.34 47.34 47.8  47.88 47.88 47.57 48.1  47.88 47.72 61.53 61.38 61.53
 61.46 61.84 62.52 61.61 62.07 62.07 61.91 58.4  58.25 57.87 58.02 57.64
 58.1  57.95 57.95 58.18 57.18 53.83 53.67 53.83 56.12 53.37 53.44 53.44
 53.75 53.67 53.52 43.14 43.22 43.22 42.84 43.76 43.37 43.22 44.29 43.68
 43.98 43.07 42.08 42.31 43.83 43.53 42.38 41.92 42.61 42.38 46.65 46.27
 46.88 47.34 46.35 46.96 46.2  46.65 46.43 46.27 60.85 61.   60.69 61.
 60.69 61.99 61.23 60.92 60.77 60.92 57.26 56.65 57.34 57.18 56.8  56.57
 57.64 57.18 56.95 56.73 53.75 55.58 54.89 53.52 53.98 54.06 53.44 53.37
 53.9  53.67 43.68 43.14 43.14 42.84 43.3  43.22 42.84 45.59 43.3  43.07
 44.21 43.37 42.92 42.69 42.99 42.69 42.99 43.91 42.31 46.73 47.19 46.88
 47.19 47.57 47.88 46.88 48.03 46.81 48.1  48.33 47.34 46.65 46.81]",915,8,5,0.46,0.46
18,Tag1,Tag2,1757346191.5760908,1757346192.8805215,"[149.81 149.73 149.5  149.96 150.11 149.88 149.27 149.27 149.5  149.42
 145.53 145.91 145.99 146.07 146.07 145.76 145.84 145.76 145.53 146.07
 142.71 142.18 141.95 142.25 142.02 142.33 142.25 142.71 142.4  142.56
 152.09 152.48 151.48 152.17 151.79 152.4  152.02 152.09 152.02 152.4
 152.32 152.32 152.09 152.48 152.02 152.09 152.25 152.4  152.32 152.48
 150.95 151.18 151.03 151.03 151.26 151.18 151.18 150.95 151.03 149.42
 149.58 149.42 149.5  149.5  150.11 149.96 149.73 149.58 149.5  145.76
 145.69 145.84 145.99 145.99 145.84 146.14 145.76 145.61 146.14 142.18
 142.33 142.02 142.02 142.18 142.33 142.18 142.33 142.4  142.1  152.02
 152.25 152.09 151.71 152.02 151.64 151.94 152.25 152.02 151.87 152.55
 152.32 152.32 152.25 152.48 152.02 152.09 152.32 152.78 150.87 150.87
 151.18 151.03 150.87 151.26 150.95 150.72 150.95 151.03 149.35 149.5
 149.27 149.58 149.27 149.65 149.5  149.42 149.42 149.35 146.14 145.84
 145.99 145.61 145.99 145.46 145.76 145.76 145.84 145.69 142.4  141.87
 142.56 142.33 142.18 142.48 142.48 142.25 142.4  142.1  151.79 151.87
 151.64 152.09 152.32 152.09 151.94 151.87 151.87 151.71 151.87 152.25
 152.17 152.55 152.32 152.17 152.4  152.09 152.48 151.03 150.8  150.87
 150.8  151.26 151.26 150.72 151.33 151.1  151.1  149.65 149.04 149.58
 149.65 149.12 149.42 149.27 149.42 149.35 149.5  146.07 145.46 145.46
 145.76 145.38 145.69 145.84 145.69 145.99 145.53 142.1  142.4  142.33
 142.25 142.33 142.1  141.95 142.25 142.18 142.25 151.79 151.71 151.71
 151.56 151.56 151.79 152.02 151.87 152.09 152.17 152.48 152.09 152.09
 152.32 152.09 152.17 152.4  152.55 152.4  151.18 151.03 151.18 150.95
 151.03 151.18 151.18 150.95 151.18 151.03 149.42 149.5  149.65 149.5
 149.58 150.03 149.58 149.81 149.42 149.88 146.07 145.91 145.99 145.99
 146.3  146.07 145.69 145.91 146.14 146.07 142.25 142.33 142.71 142.48
 142.79 142.79 142.18 142.33 142.48 142.25 151.71 152.4  152.02 151.71
 151.79 152.02 152.48 152.09 151.87 152.02 152.48 152.4  152.55 152.32
 152.4  152.09 152.32 152.32 152.25 151.18 151.56 150.87 151.41 151.26
 151.1  150.87 150.95 151.26 151.18 151.26 150.95 151.1  151.41]",915,9,5,0.48,0.48
19,Tag2,Tag1,1757346194.1184118,1757346195.4240882,"[31.78 40.78 41.08 40.86 40.55 40.47 41.47 40.17 40.4  41.24 39.25 39.02
 39.41 39.56 38.72 38.72 39.02 38.8  38.49 38.41 32.54 32.39 33.23 32.77
 32.46 32.31 32.62 33.15 32.54 33.   26.13 26.82 26.97 26.97 26.67 26.74
 26.67 26.59 26.05 27.05 27.2  28.27 27.89 27.58 27.05 27.81 27.66 27.96
 27.73 32.16 31.32 32.39 31.78 33.07 31.85 32.39 31.24 31.7  31.55 40.17
 40.7  40.93 41.01 41.08 40.93 40.86 40.47 40.78 40.09 39.33 38.95 38.26
 38.34 39.02 38.87 38.87 38.26 38.19 38.72 32.46 32.46 32.77 33.46 33.
 33.15 32.69 33.15 33.53 27.2  26.36 26.89 26.28 26.36 26.82 27.05 26.36
 26.21 26.67 28.04 27.89 27.73 27.58 27.5  27.66 27.28 27.58 28.04 28.11
 31.93 32.31 31.55 31.17 31.78 31.47 33.46 31.62 31.7  31.4  41.24 40.02
 40.86 40.86 40.32 40.63 40.47 40.17 39.56 39.79 38.8  38.72 38.34 38.64
 38.72 38.64 38.34 38.87 38.8  38.72 32.31 33.38 32.77 33.07 32.92 33.
 32.85 32.39 31.85 25.83 25.75 25.44 26.05 26.21 25.67 25.67 26.13 26.21
 26.13 27.43 26.82 26.89 27.96 26.51 26.89 26.59 27.28 28.04 27.12 31.32
 31.85 33.07 31.17 32.46 33.68 31.85 31.7  31.7  31.4  40.47 40.02 39.86
 40.4  40.17 40.32 40.63 39.94 39.71 40.47 38.87 39.02 39.1  38.72 38.57
 38.49 38.8  38.87 38.87 35.36 32.54 33.   32.39 32.39 32.85 33.23 33.3
 32.92 33.07 26.05 25.9  26.13 26.97 25.52 25.44 26.05 25.37 25.9  25.52
 26.89 26.67 26.51 27.81 27.66 27.5  27.89 27.58 27.66 27.5  32.31 31.55
 31.78 31.93 32.01 31.78 31.62 31.78 31.62 31.85 40.25 40.17 40.63 40.02
 40.17 39.79 40.09 40.17 39.86 40.63 38.49 38.87 39.18 39.1  39.56 39.71
 39.1  39.02 39.25 32.85 32.85 32.54 33.53 33.68 32.92 33.99 33.46 33.38
 33.23 26.59 26.36 26.51 26.74 26.44 26.59 26.28 26.13 26.28 25.98 27.2
 27.35 26.74 27.28 27.2  28.5  27.12 26.74 27.35 26.97 31.4  31.4  31.24
 31.09 33.   31.24 31.78 30.94 31.32 30.71 31.7  31.85 31.7  30.86]",915,9,5,0.48,0.48
20,Tag1,Tag2,1757346350.773935,1757346352.0753748,"[127.45 127.83 127.37 127.22 127.76 127.53 127.45 127.3  127.91 127.3
 123.56 123.71 123.56 123.71 123.64 123.79 123.87 123.79 123.41 120.97
 121.27 120.81 121.04 121.19 120.74 120.97 120.97 121.04 120.81 130.27
 130.2  130.2  129.82 130.27 129.59 130.43 130.43 129.82 130.2  130.35
 129.82 129.97 130.27 130.2  130.12 130.43 130.2  130.35 130.27 128.9
 128.6  128.98 128.67 128.75 128.75 129.21 128.98 128.6  128.75 127.68
 127.6  127.45 127.22 126.99 127.15 127.15 127.53 127.45 127.3  123.56
 123.79 123.41 123.33 123.87 123.87 123.64 123.48 123.64 120.66 121.04
 120.81 120.81 120.97 121.04 120.51 120.89 120.89 120.81 130.05 129.97
 130.12 130.12 129.82 130.35 130.2  129.97 130.2  130.05 130.43 130.12
 130.35 129.89 130.12 130.27 130.05 129.89 130.05 130.27 129.05 128.37
 128.52 128.9  128.9  128.6  128.52 128.9  128.75 128.52 127.53 127.15
 126.76 127.15 126.76 126.99 127.22 127.07 127.53 123.56 123.64 123.48
 123.48 123.25 123.41 123.79 123.79 123.64 123.56 120.66 120.81 120.81
 120.74 120.74 120.97 120.74 120.89 120.58 120.43 129.66 130.2  130.43
 129.82 129.89 130.05 129.82 130.12 129.89 129.51 130.43 130.2  129.97
 129.82 129.97 130.2  129.97 129.82 129.97 129.66 128.9  128.67 128.9
 128.75 128.82 128.52 128.6  128.6  128.82 128.67 127.3  127.37 127.53
 127.45 127.15 127.07 127.15 127.07 127.45 123.87 123.56 123.94 123.79
 123.64 123.33 123.71 123.87 123.71 123.71 121.12 120.66 121.19 120.66
 120.97 121.04 120.43 121.12 121.35 120.89 130.12 130.05 130.35 130.2
 129.66 129.66 129.97 130.2  129.97 130.27 130.2  130.12 130.35 129.97
 130.05 130.27 130.27 129.97 130.27 130.5  129.13 128.9  128.9  129.13
 129.28 129.43 128.9  128.9  129.36 129.28 127.37 127.22 127.22 127.45
 127.3  127.68 127.37 127.6  127.07 123.79 123.64 123.79 124.02 124.02
 124.17 123.71 123.64 123.48 123.87 120.97 121.04 121.42 120.89 121.04
 121.12 121.27 121.12 121.19 120.97 130.5  130.5  130.43 130.5  130.43
 130.27 130.12 130.43 130.2  130.05 130.2  130.73 130.81 130.35 130.35
 130.43 130.73 130.73 130.58 130.43 129.28 129.21 129.21 128.9  129.28
 128.9  129.05 129.05 129.13 129.13 129.13 128.6  128.82]",915,10,5,0.5,0.5
21,Tag2,Tag1,1757346353.3162975,1757346354.623494,"[35.36 43.14 43.14 43.83 43.37 42.69 43.45 43.3  43.07 43.53 44.59 44.67
 44.21 45.74 44.9  45.82 43.83 44.67 44.75 33.99 34.6  34.68 35.74 33.76
 33.99 34.14 33.84 35.06 34.52 31.17 31.17 30.86 30.86 31.17 31.4  30.94
 32.08 31.4  30.86 34.14 34.6  33.99 33.91 34.07 34.52 34.52 33.91 33.99
 34.75 39.33 39.18 38.72 38.64 40.25 39.48 39.41 39.18 39.64 39.18 43.22
 43.98 42.99 44.06 43.45 43.37 43.3  43.45 43.3  45.13 44.75 44.75 44.21
 44.67 43.91 44.52 44.59 44.44 44.67 34.07 33.61 33.91 34.6  33.84 33.76
 34.14 34.22 33.53 34.37 30.48 31.78 30.79 31.01 32.01 31.24 31.47 31.32
 31.09 31.09 34.29 34.07 34.14 34.22 34.07 34.07 34.29 34.14 34.37 33.84
 39.33 39.1  39.56 39.56 39.25 38.95 39.33 39.1  39.18 38.8  43.68 43.68
 43.68 43.37 42.84 43.6  43.37 42.84 43.76 44.52 45.2  44.44 43.83 43.98
 44.21 44.29 44.06 44.9  44.29 34.29 33.84 33.91 33.91 33.76 34.45 34.07
 34.22 34.6  34.75 31.17 30.86 30.56 31.24 31.09 30.86 31.32 30.86 30.86
 31.47 34.45 34.75 34.14 34.07 34.91 34.22 33.84 33.68 33.91 34.29 38.87
 39.02 39.41 39.18 39.02 39.71 39.18 39.18 39.48 37.58 43.53 43.3  43.83
 43.07 43.6  43.53 42.76 43.6  42.99 44.44 44.59 44.29 44.21 44.44 44.21
 44.21 43.98 45.36 45.28 33.91 34.07 34.45 33.99 33.99 33.68 34.37 33.53
 34.22 34.22 30.71 31.09 30.71 31.09 30.79 30.63 30.86 30.86 31.01 30.4
 33.99 33.91 34.14 34.22 33.84 33.99 34.07 33.68 34.07 34.29 38.95 39.33
 39.02 39.18 39.71 39.48 39.25 39.64 39.25 43.91 43.76 43.3  43.3  44.06
 43.53 43.14 43.45 43.98 42.69 44.21 44.59 43.53 43.83 44.75 45.2  44.06
 45.36 43.91 44.52 34.45 33.76 34.07 33.84 34.14 34.14 34.14 33.91 33.53
 33.91 31.01 31.17 30.79 30.79 31.01 31.85 30.56 30.79 30.86 30.48 34.29
 33.99 34.14 34.07 34.14 33.84 33.91 34.37 34.45 33.84 39.64 38.72 39.02
 39.56 39.41 39.02 38.95 39.18 39.56 39.25 39.56 39.86 39.56]",915,10,5,0.5,0.5
22,Tag1,Tag2,1757348666.0356905,1757348667.3417783,"[71.6  71.68 71.45 70.99 70.92 71.76 71.45 71.45 71.22 71.6  72.21 72.21
 71.91 71.91 71.91 72.14 71.98 72.06 72.14 71.91 71.76 71.45 71.53 72.21
 71.76 71.68 71.83 72.14 72.21 70.08 70.23 70.31 70.38 70.46 70.31 70.31
 70.53 70.38 70.15 70.23 70.53 70.46 70.23 70.08 70.53 70.15 70.38 70.31
 70.53 70.92 70.76 70.61 70.99 71.15 70.84 70.76 70.92 70.99 71.15 70.99
 71.45 71.22 71.45 71.22 71.53 71.53 71.53 71.76 71.3  71.91 72.21 72.29
 72.21 71.98 72.21 72.06 72.14 72.21 71.6  71.83 72.29 72.06 71.6  71.98
 71.83 71.98 72.44 72.06 70.46 70.31 70.61 70.23 70.46 70.   70.38 70.23
 69.92 70.46 70.76 70.53 69.92 70.23 70.23 70.46 70.23 69.92 70.   70.08
 70.61 70.84 70.76 71.15 70.76 70.76 70.92 70.92 70.76 70.99 70.92 71.22
 71.37 71.22 71.15 71.07 71.3  71.22 71.3  71.76 71.6  71.98 72.06 71.53
 71.91 71.91 71.98 71.6  71.53 71.83 71.76 71.68 71.45 71.83 71.76 71.37
 71.37 71.53 71.53 70.   70.15 70.38 69.39 69.92 70.15 70.15 70.   69.92
 69.92 70.23 69.7  70.   70.15 70.38 69.7  70.15 70.38 70.46 70.   70.69
 70.38 70.61 70.92 70.84 70.53 70.46 70.76 70.76 70.69 70.84 70.99 71.07
 71.22 70.99 70.92 71.45 70.99 71.3  71.76 71.83 71.83 71.98 71.98 72.14
 71.76 71.91 71.91 72.29 71.37 71.6  71.76 71.6  71.68 71.6  71.37 71.98
 71.76 71.68 70.31 70.   70.23 69.92 70.   70.31 70.23 70.23 70.46 70.23
 70.38 69.62 70.   70.69 70.31 70.08 70.38 70.46 70.31 70.08 70.61 70.99
 71.07 71.15 70.61 70.92 71.15 70.84 70.31 71.45 71.15 71.3  70.92 71.37
 71.07 71.22 70.92 71.22 71.22 72.37 71.98 71.76 71.68 71.76 71.68 71.91
 71.68 71.98 71.83 71.98 71.83 71.6  71.53 71.6  71.37 71.45 71.91 71.53
 71.6  70.   69.92 70.08 70.   70.15 70.53 70.08 70.08 69.92 69.92 70.53
 70.46 70.38 69.85 70.46 70.61 70.31 70.31 70.53 70.15 70.92 70.92 70.92
 71.07 70.84 70.76 70.99 70.69 70.99 70.92 70.69 70.92 71.22]",915,11,5,1.2,1.2
23,Tag2,Tag1,1757348668.5542665,1757348669.859814,"[15.22 16.29 16.29 15.83 16.67 16.67 16.21 15.83 16.52 16.06 15.83 15.22
 15.68 15.75 15.14 15.14 15.53 15.22 15.3  15.68 16.29 15.91 15.91 15.98
 15.83 16.67 16.44 16.14 16.21 15.91 14.46 14.38 14.08 14.   14.38 14.99
 14.38 14.31 14.23 14.08 13.47 13.85 13.62 13.47 13.69 13.77 13.39 13.62
 13.92 13.85 13.85 13.77 13.92 13.85 13.62 13.39 14.08 14.08 13.62 13.54
 15.83 15.75 16.06 16.52 15.83 15.91 15.68 15.98 15.98 15.22 14.92 15.22
 14.99 14.69 14.99 15.14 15.22 15.91 15.3  15.83 15.68 15.91 16.06 16.9
 16.67 15.83 16.21 15.75 16.06 14.38 14.61 14.31 14.31 14.46 14.31 14.08
 14.23 14.23 14.   13.39 13.69 13.62 14.46 13.62 13.62 13.54 13.54 13.62
 13.47 13.62 13.85 13.85 14.23 14.15 13.77 13.69 14.61 13.85 13.69 16.14
 15.98 16.06 15.75 15.68 16.06 15.91 15.91 15.75 15.53 14.61 15.37 15.22
 15.14 14.99 15.07 15.3  15.14 14.92 15.6  15.83 15.98 15.98 15.91 15.91
 15.83 15.83 15.75 15.98 14.23 14.46 14.31 14.23 14.15 14.15 13.92 14.92
 14.   14.31 13.69 13.77 13.77 13.62 13.39 13.69 13.39 13.31 13.31 13.39
 13.69 13.92 14.15 14.08 13.62 13.47 13.39 13.69 13.69 14.   15.83 15.6
 15.98 15.68 16.06 16.29 15.83 16.14 15.98 14.84 14.92 14.76 14.76 15.3
 14.84 14.92 15.07 15.75 15.07 15.91 15.98 15.83 15.75 16.06 15.68 15.75
 16.37 16.14 15.75 14.08 14.   14.08 14.15 14.15 14.46 14.38 14.15 14.31
 14.23 13.69 13.62 13.24 13.77 13.54 13.47 13.31 13.69 13.69 14.   13.69
 13.92 13.39 13.92 14.   14.15 14.38 14.53 14.61 15.98 16.29 15.68 16.21
 15.91 17.36 18.43 16.14 16.9  15.98 15.53 15.22 15.45 14.76 15.07 15.3
 15.3  15.07 15.14 15.07 16.37 15.75 16.37 16.06 16.06 15.83 15.6  15.68
 15.91 15.68 14.   14.23 14.15 14.23 14.   14.38 14.38 14.53 14.69 14.31
 13.92 13.85 13.62 13.54 13.77 13.62 13.77 13.77 13.77 13.39 13.69 13.69
 13.92 13.54 13.69 14.31 13.92 13.54 13.85 14.   13.92 13.62 13.54]",915,11,5,1.2,1.2
24,Tag1,Tag2,1757348775.0886059,1757348776.387357,"[76.1  77.33 77.48 77.25 77.17 77.02 77.48 77.4  77.25 77.02 77.86 77.78
 78.32 77.86 77.94 77.78 78.16 77.71 78.09 76.87 76.64 76.26 77.02 76.87
 76.49 76.26 76.56 76.79 76.03 75.27 75.11 75.27 75.34 75.34 75.27 75.34
 75.65 75.49 75.27 75.95 75.88 75.88 75.88 75.65 75.95 76.03 75.8  76.03
 75.49 76.71 76.71 76.71 77.1  76.71 76.87 76.79 76.33 77.17 76.87 76.94
 77.02 77.4  77.25 77.25 77.1  77.17 77.1  76.79 77.78 77.86 77.4  77.78
 77.94 78.24 77.86 77.55 77.63 77.86 76.33 76.41 76.56 76.64 76.49 76.26
 76.33 76.33 76.41 76.56 75.27 74.96 75.34 75.42 75.42 75.11 75.04 75.57
 75.34 75.27 75.27 75.65 76.03 75.49 75.88 75.8  75.88 75.8  75.72 75.65
 76.71 76.49 76.64 76.71 77.02 76.71 77.1  76.64 76.87 77.33 77.17 77.25
 77.25 76.79 77.1  77.78 77.48 77.25 77.33 78.16 78.16 78.01 78.24 78.32
 77.86 77.78 78.62 77.71 77.94 76.71 76.71 76.79 76.33 76.94 76.41 76.87
 76.64 76.56 76.64 75.34 75.8  75.57 75.27 75.34 75.57 75.19 75.65 75.65
 75.72 75.49 75.88 76.18 75.57 75.88 75.95 76.18 75.8  76.26 76.56 77.1
 76.71 76.94 76.94 76.94 76.56 76.71 77.25 76.79 76.71 77.1  77.63 77.17
 77.25 77.1  77.25 77.48 77.17 77.17 77.86 77.71 77.86 77.71 78.24 77.86
 77.78 77.94 78.32 78.39 76.71 76.87 76.64 76.49 76.41 76.64 76.56 76.56
 76.64 76.64 75.34 75.49 75.57 75.42 75.34 75.8  75.49 75.8  75.49 75.57
 75.88 75.88 76.1  76.03 75.88 75.8  76.03 75.88 75.8  76.18 76.56 76.94
 76.71 77.1  76.87 77.1  76.49 76.64 76.71 77.63 77.33 77.55 77.33 77.55
 77.1  77.25 77.63 77.55 77.1  77.94 78.01 77.71 77.55 77.94 78.09 78.39
 77.63 78.47 77.94 76.79 77.02 76.64 76.49 76.71 76.79 76.79 76.56 76.94
 76.33 75.72 75.42 75.42 75.72 75.57 75.65 75.72 75.65 75.65 75.57 75.88
 75.95 76.33 75.8  76.18 76.1  76.03 75.57 75.88 75.88 76.87 77.02 76.94
 77.02 76.79 76.56 77.02 77.1  76.71 76.87 77.1  76.94 76.87]",915,12,5,1.22,1.22
25,Tag2,Tag1,1757348777.6011136,1757348778.9089644,"[21.32 21.4  21.55 21.48 21.32 21.48 21.55 21.55 21.63 21.25 21.4  20.87
 21.63 21.25 20.33 21.17 20.49 20.18 20.26 19.72 19.95 20.18 19.95 19.8
 20.18 20.1  19.72 19.95 20.33 19.11 18.96 18.73 18.04 18.88 18.81 18.58
 18.96 18.5  18.43 18.27 18.73 18.65 18.5  18.2  17.66 17.2  17.43 17.51
 17.66 18.35 18.35 18.04 18.04 19.49 18.2  19.04 19.11 19.42 18.43 22.32
 22.01 20.79 21.55 21.71 21.48 21.48 21.78 21.78 21.32 20.79 20.79 20.18
 20.49 20.33 20.03 20.1  20.18 20.26 20.1  20.03 20.1  20.18 19.72 20.71
 20.87 20.33 20.64 20.49 18.73 18.96 18.81 18.81 18.43 18.73 18.27 18.73
 18.88 19.04 18.43 18.27 18.81 18.43 18.27 18.88 18.43 18.35 18.12 18.5
 19.34 19.34 19.19 18.65 18.96 19.26 19.42 19.19 19.04 19.19 21.63 21.71
 21.71 21.17 21.17 21.1  20.56 20.49 20.94 19.95 20.03 19.95 19.8  20.49
 20.18 20.41 20.26 20.49 20.03 20.18 20.26 20.79 20.33 21.1  20.64 20.94
 20.71 20.87 20.26 18.73 18.65 18.04 18.5  17.89 18.2  18.96 18.58 18.5
 18.73 18.5  18.81 18.73 17.66 18.65 18.43 18.58 17.51 18.65 18.27 19.34
 19.42 18.88 19.72 18.88 19.49 19.42 19.04 19.34 19.04 21.78 22.32 22.24
 21.71 21.63 21.4  21.17 21.17 21.48 20.87 20.18 20.26 21.25 20.79 20.26
 20.41 20.56 21.1  21.02 20.94 21.32 20.49 21.1  20.87 20.26 19.95 20.03
 19.8  19.72 17.66 17.89 18.2  17.97 18.81 18.58 18.5  19.04 18.58 18.65
 18.88 18.65 18.35 17.97 18.43 18.35 18.96 18.81 18.65 18.27 19.49 18.96
 19.04 18.65 19.34 19.26 19.26 19.19 19.34 19.57 21.25 21.1  21.25 21.25
 21.17 21.32 20.94 21.1  20.94 19.95 20.26 20.41 20.33 20.26 20.1  20.94
 21.1  20.71 20.79 20.56 20.49 20.56 20.94 21.17 19.95 20.87 20.87 21.32
 19.95 18.88 18.96 18.73 17.97 18.88 19.19 18.96 18.58 18.27 18.73 17.97
 18.12 19.26 18.2  18.73 17.43 17.66 17.74 18.2  17.51 18.5  18.04 18.12
 18.27 19.49 19.42 19.42 18.58 18.73 18.88 18.35 18.73 18.65]",915,12,5,1.22,1.22
26,Tag1,Tag2,1757349108.6144376,1757349109.9145253,"[90.22 91.74 91.74 91.29 91.59 91.9  91.44 91.13 91.29 91.59 91.97 92.43
 92.51 92.28 92.36 92.2  92.74 92.13 92.51 92.2  90.22 90.14 90.68 90.3
 90.3  90.75 90.6  90.83 90.22 90.68 89.61 89.46 89.76 89.46 89.3  89.61
 89.46 89.61 89.61 89.38 90.3  90.07 89.76 90.14 90.3  90.07 89.91 89.91
 90.14 89.91 90.83 91.21 90.83 90.91 91.44 91.29 90.98 90.52 90.75 91.29
 91.06 91.52 91.74 91.36 91.74 91.67 91.52 91.21 91.67 91.82 92.28 92.13
 92.2  92.28 92.51 91.97 92.13 92.28 92.36 90.45 90.52 89.91 90.37 90.07
 90.3  90.22 90.22 89.91 90.83 89.15 89.38 89.68 89.46 89.46 89.3  89.23
 89.61 89.23 89.38 90.22 89.76 89.84 90.07 89.84 89.99 90.22 90.14 90.14
 90.07 91.29 90.98 90.75 90.91 91.21 91.21 90.91 91.29 91.13 91.21 91.36
 91.67 91.44 91.29 91.06 91.82 91.52 91.67 91.67 92.2  92.13 92.2  92.51
 91.9  92.2  92.2  92.13 92.28 92.2  90.6  90.6  90.45 90.6  90.52 90.07
 90.52 89.99 90.45 90.3  89.68 89.84 89.84 89.68 89.99 89.68 89.99 89.99
 89.53 89.53 90.14 90.45 90.37 89.84 90.45 90.68 89.91 89.99 90.22 90.3
 90.98 91.06 91.21 91.52 91.29 90.98 90.98 90.91 91.13 91.52 91.74 91.29
 91.67 91.67 91.52 91.44 91.52 91.59 91.21 91.97 92.05 92.05 92.05 92.43
 92.58 92.05 92.05 92.2  91.97 90.45 90.37 90.14 90.52 89.91 90.52 90.52
 90.68 90.45 90.3  89.76 89.53 89.68 89.84 89.68 89.46 89.61 89.38 89.46
 89.76 89.84 90.07 89.91 89.99 89.99 90.3  89.99 90.14 90.07 90.83 91.06
 90.91 91.06 91.06 90.98 90.91 90.83 91.13 90.68 91.44 91.97 91.59 91.36
 91.82 91.97 91.59 91.29 91.44 91.59 92.13 92.43 92.2  92.13 92.43 92.36
 92.36 92.13 92.43 92.28 90.52 90.6  90.6  91.06 90.45 90.68 90.45 90.52
 90.22 90.22 89.38 89.61 89.76 89.68 89.68 89.99 89.91 89.68 89.68 90.07
 90.45 90.07 90.14 90.07 90.07 89.91 90.07 90.3  90.37 91.21 91.36 91.21
 91.36 91.21 91.36 91.29 91.21 91.13 91.21 91.13 90.68 91.13 90.91]",915,13,5,1.24,1.24
27,Tag2,Tag1,1757349111.1363037,1757349112.4383628,"[21.55 24.22 24.07 24.53 24.22 24.07 24.53 24.22 24.15 23.84 24.15 24.45
 23.92 24.61 23.92 23.92 23.92 23.99 23.99 23.77 21.63 21.71 21.93 21.93
 21.71 21.48 22.01 21.71 21.4  20.94 20.1  20.1  20.26 20.71 20.49 20.33
 21.17 20.49 20.26 21.17 21.02 20.94 20.79 20.71 20.79 20.56 20.64 20.56
 20.94 21.93 22.09 21.93 22.24 22.24 22.01 22.24 22.09 22.47 21.86 24.15
 24.68 24.38 24.38 24.45 24.22 23.99 24.38 24.22 24.45 23.69 24.53 23.69
 24.61 23.77 24.91 23.69 23.92 23.99 23.61 21.71 21.86 21.93 21.86 21.4
 21.48 22.32 21.86 21.86 20.1  20.49 20.49 19.95 20.18 20.1  20.1  20.56
 20.33 20.49 21.02 20.79 20.49 20.71 21.1  20.56 21.25 21.02 20.87 20.87
 22.47 22.01 22.01 22.09 22.09 23.23 21.93 22.16 22.39 22.16 24.38 24.07
 24.22 24.3  24.45 24.07 24.38 23.99 24.3  24.22 24.3  23.69 23.92 23.99
 24.22 24.22 23.92 23.77 23.99 21.63 21.93 22.09 21.86 21.78 21.55 21.4
 21.86 21.48 21.63 20.26 20.03 19.95 20.26 20.18 21.48 20.64 20.1  20.33
 20.49 20.87 20.71 20.71 20.87 20.79 20.71 20.71 20.71 20.56 20.71 22.01
 22.09 21.78 21.63 22.01 22.32 22.01 21.86 22.24 21.71 24.15 23.92 24.15
 23.99 23.84 23.92 24.3  24.38 24.22 24.15 23.84 23.38 23.69 23.92 23.69
 25.06 23.77 24.99 23.69 21.71 21.48 21.71 21.78 21.86 21.55 21.63 22.77
 21.32 21.78 19.95 20.33 20.03 20.26 20.03 20.1  20.1  20.03 20.79 20.1
 20.64 20.33 20.94 20.94 20.87 21.1  20.71 21.1  20.87 20.87 22.16 21.93
 22.09 22.32 21.93 23.23 22.62 22.77 21.93 22.16 24.15 23.77 24.45 24.22
 24.38 23.84 23.92 24.15 24.22 24.07 24.07 23.99 23.77 24.07 23.69 23.99
 24.3  23.84 24.22 21.55 21.86 22.09 21.63 21.78 21.55 21.55 21.63 21.55
 21.93 20.33 20.49 20.41 20.49 20.41 21.17 20.87 20.79 20.26 20.41 20.71
 20.71 20.56 20.49 20.71 20.56 20.71 20.87 20.79 20.71 21.93 22.24 22.09
 22.32 22.32 21.71 22.01 22.01 21.71 22.09 22.24 22.39 22.16]",915,13,5,1.24,1.24
28,Tag1,Tag2,1757349194.2846656,1757349195.5940871,"[94.19 95.33 95.94 95.56 95.48 95.33 95.56 95.18 95.56 95.56 96.02 95.79
 96.17 95.79 95.94 96.25 95.94 96.4  96.17 95.79 93.5  93.19 93.42 93.27
 93.12 93.27 93.58 93.5  93.27 93.35 92.81 92.89 93.27 92.74 92.97 93.12
 92.81 93.04 93.5  92.89 93.88 93.88 93.8  93.8  94.26 93.8  93.58 93.58
 93.42 94.72 95.1  94.95 94.95 94.72 95.1  95.03 95.03 95.25 94.95 95.48
 95.56 95.1  95.48 95.64 95.79 95.64 95.64 95.18 95.25 95.64 96.02 95.33
 96.09 95.94 96.02 95.48 96.02 95.71 95.64 93.58 93.35 93.42 93.35 93.35
 93.27 93.65 93.27 93.27 93.35 93.04 92.97 92.97 93.04 93.27 93.04 92.97
 92.89 92.74 93.19 93.88 93.65 93.42 93.65 94.11 93.73 93.5  93.8  93.73
 94.64 94.87 94.95 94.34 94.95 94.87 94.64 94.64 95.03 94.8  95.25 95.33
 95.48 95.48 95.48 95.18 95.48 95.56 95.33 95.33 95.79 95.79 95.94 95.79
 95.79 96.02 96.02 95.79 95.71 95.94 93.12 93.04 93.35 93.65 93.35 93.5
 93.35 93.19 93.27 93.19 92.89 93.19 93.12 92.97 92.74 92.97 93.27 92.97
 93.04 93.96 93.88 93.73 93.8  93.88 93.58 93.58 93.73 93.65 93.88 94.57
 94.95 95.1  94.57 94.95 94.87 94.72 95.18 95.41 95.03 95.41 95.56 95.25
 95.03 95.33 95.25 95.03 95.41 94.95 95.25 95.71 95.94 95.79 95.79 95.86
 95.94 96.02 96.02 95.71 95.25 93.12 93.27 93.19 93.27 93.19 93.19 93.04
 92.97 93.04 93.42 92.66 92.81 92.58 92.89 92.89 92.81 92.97 92.51 93.04
 93.65 93.73 93.58 94.11 93.8  93.35 93.88 93.5  93.8  93.73 94.49 94.57
 94.72 95.03 95.03 94.8  94.57 94.8  94.42 95.03 95.33 95.25 94.87 95.56
 95.25 94.95 95.18 95.25 95.33 95.18 96.02 95.86 95.79 95.86 95.79 95.79
 95.86 95.71 96.09 95.79 93.5  93.42 93.42 93.19 93.58 93.27 92.97 93.04
 93.04 93.04 93.12 92.97 92.89 93.35 92.89 92.81 92.51 93.12 92.89 93.65
 93.65 93.73 94.03 93.73 93.58 93.58 93.5  93.73 93.8  94.87 94.64 94.8
 95.18 94.8  94.87 94.95 94.49 94.64 94.64 94.57 94.72 94.87 94.8 ]",915,14,5,1.26,1.26
29,Tag2,Tag1,1757349196.8086197,1757349198.1114995,"[23.69 26.82 26.67 26.74 27.58 27.12 27.81 28.04 27.89 27.81 28.11 28.04
 28.04 27.35 27.05 27.35 27.28 27.28 28.27 28.04 23.99 23.61 23.69 23.69
 23.92 23.77 24.07 23.61 24.3  24.68 24.15 24.15 23.77 24.38 24.15 23.23
 23.16 23.16 22.77 24.53 23.99 24.53 23.99 24.68 24.53 26.67 24.76 24.3
 24.45 25.9  26.13 26.74 26.21 26.59 26.21 25.75 25.98 26.36 26.21 27.05
 26.82 26.89 27.2  27.28 27.58 27.89 27.2  27.2  27.05 27.5  27.73 27.73
 27.5  27.28 27.96 27.73 27.96 27.73 27.28 23.69 23.77 23.77 23.92 25.29
 23.77 23.77 23.99 24.07 24.22 23.46 23.38 23.77 23.31 23.38 23.16 23.31
 23.54 23.16 24.45 24.22 23.69 24.45 24.15 23.99 24.68 24.15 24.3  25.44
 26.67 26.74 26.82 27.43 26.05 27.12 26.13 26.89 26.36 25.83 27.81 27.05
 27.28 26.82 27.66 27.5  28.11 27.81 27.2  27.66 27.58 28.19 27.81 27.58
 27.66 28.27 28.11 27.96 28.04 27.73 23.92 24.15 24.53 24.3  24.53 24.53
 23.38 24.15 24.22 24.61 23.23 23.92 23.84 24.22 23.16 23.08 23.46 23.38
 23.69 24.68 25.22 24.38 25.29 24.83 24.76 25.67 24.61 25.06 25.67 26.36
 26.51 26.82 26.13 27.12 26.74 26.13 26.97 25.83 26.13 27.28 26.97 27.58
 27.12 27.43 27.28 27.35 27.2  27.2  27.28 27.35 28.19 28.34 28.42 27.58
 27.96 27.89 27.89 27.58 28.04 23.99 24.22 24.3  24.22 23.99 25.29 24.07
 24.61 23.69 23.38 23.08 23.54 23.16 23.54 23.31 23.31 23.23 23.16 23.31
 24.3  24.76 24.68 24.76 24.68 25.29 24.61 24.76 24.22 25.6  26.89 26.28
 26.44 27.2  26.97 26.67 26.36 26.36 26.28 25.75 26.82 27.12 27.05 26.89
 27.05 27.58 27.05 27.2  26.67 26.82 27.58 27.66 27.43 27.81 27.5  27.66
 27.5  27.43 27.43 27.28 23.69 23.46 23.31 23.99 23.92 23.69 23.69 23.84
 23.54 23.08 22.77 23.23 23.16 23.23 22.77 23.31 23.   23.23 23.31 24.91
 24.68 24.38 24.07 24.68 24.53 24.91 24.3  24.38 25.98 26.21 25.98 26.05
 26.74 26.21 26.13 26.13 25.9  25.67 25.9  26.13 26.21 26.05 26.28]",915,14,5,1.26,1.26
30,Tag1,Tag2,1757349311.4493487,1757349312.7548423,"[ 97.54 101.13 101.13 101.21 101.28 101.36 100.82 101.28 101.21 100.98
 101.74 101.51 101.89 101.51 101.51 101.51 101.28 101.43 101.59 101.43
  98.61  98.54  98.84  98.84  98.84  98.61  97.85  98.38  98.46  98.54
  99.15  99.07  98.84  99.15  98.99  98.92  99.15  99.07  98.69  99.22
  99.91  99.98  99.83  99.53  99.76  99.91  99.83  99.6   99.98 100.82
 100.9  100.75 100.67 100.82 101.13 100.98 101.05 100.82 100.98 101.51
 101.05 101.13 101.13 101.28 101.43 101.43 101.05 101.43 101.13 101.66
 101.74 101.66 101.28 101.82 101.36 100.9  101.59 101.59 101.59  98.31
  98.46  98.46  98.23  98.46  98.23  98.76  98.54  98.54  98.54  99.22
  98.84  98.99  98.84  98.84  98.99  99.15  98.99  99.15  98.84  99.83
  99.6   99.76  99.76  99.91  99.83  99.6   99.68  99.76 100.75 100.82
 100.75 100.6  100.82 100.82 100.98 101.05 100.21 101.13 101.13 101.13
 101.51 101.13 101.43 101.43 101.36 100.98 101.43 101.21 101.51 101.28
 101.51 101.36 101.51 101.28 101.66 101.43 101.66 101.51  98.61  98.15
  98.54  98.54  98.15  98.15  98.    98.31  98.54  98.31  98.69  98.92
  98.69  99.15  98.76  99.07  98.69  99.3   98.99  99.76  99.83 100.06
  99.76  99.98  99.68  99.83  99.76  99.98  99.6  100.82 100.9  100.82
 100.9  100.37 100.9  101.05 100.67 100.9  100.98 101.28 101.51 101.05
 101.36 101.05 101.36 100.82 101.51 101.13 101.36 101.36 101.28 101.51
 101.89 101.51 101.51 101.59 101.43 101.66 101.43  98.61  98.54  98.54
  98.46  98.46  98.23  98.61  98.61  98.46  98.15  98.84  99.15  99.15
  98.84  98.92  98.92  98.84  99.22  99.15 100.06  99.83  99.53  99.98
  99.76  99.83  99.53  99.6   99.45  99.6  100.98 100.98 100.67 100.82
 101.28 101.21 100.82 100.98 101.21 100.6  101.13 101.59 101.43 101.13
 101.36 101.13 100.98 101.59 101.28 101.28 101.51 101.59 101.43 101.43
 101.51 101.28 101.43 101.59 101.59 101.13  98.69  98.84  98.54  98.76
  98.15  98.61  98.69  98.38  98.46  99.15  99.3   98.92  98.92  98.84
  99.15  99.3   98.69  98.92  98.99  99.37  99.68  99.98  99.76 100.29
  99.6   99.76  99.45  99.6   99.83 100.82 100.98 100.82 101.13 100.6
 100.6  100.75 100.44 100.6  100.98 101.05 100.6  100.6  100.98]",915,15,5,1.28,1.28
31,Tag2,Tag1,1757349313.9844162,1757349315.2867782,"[24.76 26.97 27.43 26.82 27.28 26.97 27.35 27.35 26.97 27.5  28.19 28.57
 28.19 28.57 28.5  28.04 28.34 28.27 28.04 28.04 23.69 24.45 23.99 24.3
 23.92 24.07 24.15 24.3  24.45 24.07 24.61 24.22 24.15 25.6  24.53 24.07
 24.22 24.38 24.22 25.98 26.36 25.98 26.13 26.74 26.59 26.51 26.36 26.13
 26.59 28.27 28.19 27.96 28.57 27.96 27.81 27.81 27.73 27.35 28.11 27.2
 27.35 27.2  27.12 27.28 27.58 27.43 27.05 27.28 26.89 28.19 28.27 28.5
 29.03 28.34 28.27 28.42 28.27 28.11 28.27 24.3  24.07 24.15 23.69 24.38
 23.99 23.99 23.54 23.92 23.69 24.3  24.45 24.22 24.15 24.07 24.61 24.76
 24.68 24.68 26.05 25.75 26.59 26.51 26.36 26.59 26.44 26.21 26.82 26.13
 27.81 28.04 27.5  27.66 28.57 27.66 27.28 27.89 27.89 27.58 27.35 27.35
 27.28 26.82 27.35 26.97 27.2  26.89 27.28 27.05 28.11 28.27 28.27 27.96
 27.81 28.34 28.57 28.42 28.34 28.42 23.54 23.54 23.77 23.84 23.61 24.07
 23.84 23.54 23.61 23.92 24.15 24.91 24.22 25.29 24.99 24.38 24.38 24.3
 24.07 26.21 26.05 25.6  26.13 26.13 25.98 26.13 26.13 26.21 26.28 27.66
 27.28 27.5  27.58 27.66 27.73 27.66 27.73 27.89 27.66 27.05 27.5  27.12
 27.2  27.12 27.2  27.2  27.12 27.12 27.2  28.34 28.27 28.27 29.18 28.5
 28.04 28.11 28.34 28.27 28.27 23.77 23.69 23.84 23.77 23.61 24.07 23.54
 23.61 23.77 24.45 23.99 24.91 24.22 24.76 24.22 24.07 24.38 24.15 24.22
 26.13 25.67 25.75 26.36 26.21 25.98 26.13 25.98 26.28 26.05 28.11 27.66
 27.5  27.58 27.66 27.5  27.5  27.73 28.19 28.11 27.12 27.35 27.2  27.89
 27.35 26.97 27.2  27.2  27.05 27.2  27.96 28.5  28.04 28.27 28.27 28.34
 28.11 28.27 28.27 28.27 23.77 23.69 23.77 23.84 23.61 23.99 23.61 23.69
 23.61 24.3  23.92 24.61 24.15 25.06 23.99 23.77 24.15 24.3  23.99 26.05
 26.05 26.05 26.36 26.36 26.51 26.21 26.28 26.21 25.75 27.96 27.89 27.5
 27.43 28.04 27.81 27.43 27.73 27.66 27.43 27.73 27.66 27.66 27.43]",915,15,5,1.28,1.28
32,Tag1,Tag2,1757350317.311288,1757350318.6200988,"[100.52 102.43 102.43 102.5  102.5  102.81 102.58 102.27 102.43 102.5
 102.04 102.58 102.43 102.35 102.58 102.35 102.73 102.04 102.66 102.96
  99.07  98.92  98.99  99.15  98.99  98.92  99.07  98.46  98.61 100.14
 100.44 100.21 100.52 100.37 100.29 100.37 100.21 100.44 100.44 101.05
 101.21 100.6  101.28 101.05 100.82 101.43 101.36 101.21 101.13 102.35
 102.2  102.27 101.97 102.2  102.27 102.27 101.89 102.5  102.12 102.66
 102.66 102.88 102.35 102.5  102.81 102.81 102.5  102.43 102.58 102.43
 102.66 102.43 102.35 102.81 102.58 102.43 102.73 102.27 102.43  99.15
  98.99  99.45  99.15  98.99  99.07  99.15  99.15  99.45 100.67 100.29
 100.67 100.29 100.29 100.21 100.6  100.52 100.67 100.82 101.05 101.13
 101.21 100.9  101.13 101.28 100.98 101.36 101.21 100.9  102.43 102.04
 102.27 102.43 101.97 102.35 102.27 102.04 102.12 102.35 102.58 102.58
 102.66 102.66 102.66 102.73 102.43 102.5  102.81 102.96 102.58 102.43
 102.43 102.58 102.43 102.43 102.88 102.88 102.66  99.15  99.15  99.3
  99.45  99.3   99.15  99.45  99.3   99.07  98.99 100.6  100.52 100.37
 100.52 100.6  100.21 100.67 100.75  99.98 100.37 101.36 100.98 101.51
 101.21 100.98 101.43 101.28 101.28 101.21 101.21 102.12 102.58 102.12
 102.27 102.43 102.12 102.27 102.35 102.5  102.5  102.5  102.66 102.88
 102.5  102.5  102.88 102.5  102.73 102.43 102.66 102.81 102.43 102.66
 102.73 102.35 102.66 102.81 102.58 102.43  99.3   99.45  99.15  99.15
  99.45  99.15  99.22  99.22  98.84  99.22 100.21 100.75 100.44 100.21
 100.82 100.37 100.6  100.52 100.52 100.44 101.36 101.36 101.13 101.28
 101.43 101.74 101.28 101.13 101.43 101.43 102.35 102.66 102.35 102.58
 102.58 102.58 102.43 102.58 102.04 102.43 102.66 103.04 102.58 102.81
 102.81 102.88 102.43 102.58 102.73 102.73 102.58 102.43 102.66 102.88
 102.27 102.58 102.66 102.81 102.88  98.92  99.15  99.22  99.37  99.07
  99.22  99.07  99.15  99.22  98.99 100.75 100.6  100.44 100.44 100.82
 100.52 100.75 100.82 100.67 100.75 101.21 101.28 101.43 101.36 101.05
 101.36 101.59 101.21 101.28 101.59 102.81 102.5  102.27 102.58 102.43
 102.43 102.58 102.58 102.58 102.27 102.35 102.35 102.66]",915,16,5,1.3,1.3
33,Tag2,Tag1,1757350319.8525608,1757350321.1538591,"[26.97 29.95 29.49 29.03 29.64 29.11 29.49 29.11 29.79 29.18 31.09 30.56
 30.86 30.94 30.48 30.79 30.86 30.86 31.24 30.71 26.21 26.82 26.21 26.28
 26.82 25.98 26.36 26.89 26.13 26.28 28.11 28.04 28.04 28.19 28.27 28.04
 27.58 27.66 27.96 28.19 30.25 30.1  29.87 29.79 30.86 29.87 29.49 29.34
 29.64 29.56 30.94 30.79 30.79 31.01 30.94 31.09 30.71 30.79 31.01 29.03
 29.11 29.03 28.8  29.41 29.34 29.56 29.41 29.26 29.41 30.56 30.94 30.94
 30.94 31.47 31.09 30.71 30.94 30.94 31.55 26.36 27.05 26.36 26.13 26.59
 26.28 26.28 26.36 26.28 26.28 28.34 28.04 27.66 27.81 27.96 27.66 27.89
 28.19 28.27 27.5  30.1  29.87 29.18 29.79 29.34 29.72 29.18 29.87 29.64
 29.79 30.86 31.47 31.78 31.09 31.47 31.7  31.24 32.01 31.4  29.49 29.41
 29.41 29.41 29.49 29.41 29.64 29.41 29.79 29.87 31.01 30.86 30.86 30.71
 31.24 30.63 30.86 30.17 30.33 30.86 26.21 26.13 26.21 26.13 26.74 25.75
 26.97 26.36 26.36 26.74 28.27 28.27 28.5  28.5  27.89 27.73 27.66 28.04
 27.81 27.66 29.64 29.56 29.79 30.17 29.56 29.41 29.26 29.72 29.95 29.87
 31.17 31.62 31.17 31.4  31.55 31.24 31.4  31.09 30.94 29.34 28.88 28.88
 29.03 28.95 29.18 29.26 29.18 28.88 29.11 30.63 30.79 30.48 30.33 30.71
 30.56 30.48 30.71 30.33 31.17 25.98 26.97 26.28 25.83 25.98 26.05 25.75
 26.36 25.98 26.28 27.35 27.81 27.58 27.73 28.19 27.43 27.35 27.73 27.5
 27.28 29.72 29.72 29.87 29.87 29.34 29.64 29.64 29.56 29.79 30.71 31.24
 30.4  31.32 30.79 30.79 30.71 31.01 30.94 31.09 29.26 29.72 28.88 29.18
 28.88 29.03 29.18 28.88 28.95 29.03 30.79 30.71 30.25 30.79 30.79 30.56
 30.48 30.86 30.33 30.94 25.83 25.9  25.83 25.9  25.98 26.13 25.98 25.98
 25.75 25.83 27.43 27.73 27.81 27.66 27.96 28.42 27.58 28.04 27.89 27.66
 30.25 29.87 29.87 29.72 29.79 29.49 29.26 29.26 30.02 30.86 30.86 30.56
 30.4  30.63 30.79 30.86 30.63 30.63 31.17 31.01 31.09 31.17 31.01]",915,16,5,1.3,1.3
34,Tag1,Tag2,1757350378.170027,1757350379.4719944,"[103.57 105.55 105.4  105.55 105.48 105.25 105.48 105.55 105.33 105.33
 104.94 104.79 104.72 104.72 104.79 105.1  104.94 104.87 104.64 105.1
 101.82 101.51 101.43 101.59 101.59 101.89 101.66 101.28 101.59 101.82
 103.95 103.72 103.8  104.03 104.56 103.72 103.8  103.65 103.95 103.57
 104.41 104.56 104.33 104.72 104.72 104.64 105.02 104.49 104.64 104.72
 105.4  105.4  105.71 105.55 105.17 104.94 105.71 105.48 105.78 105.4
 105.4  105.71 105.4  105.48 105.33 105.17 105.17 105.71 105.55 104.79
 104.87 104.79 105.1  104.49 104.94 105.17 105.1  104.94 104.79 101.51
 101.51 101.74 101.28 101.43 101.59 101.66 101.59 101.51 101.66 103.57
 104.33 104.33 104.1  103.72 104.1  103.72 103.95 103.8  103.72 104.79
 104.49 104.56 104.49 104.64 104.72 104.72 104.41 104.56 104.64 105.4
 105.25 105.4  105.17 105.33 105.4  105.17 105.17 105.48 105.33 105.63
 105.4  105.55 105.4  105.4  105.78 105.25 105.4  105.48 104.87 104.72
 104.49 105.1  105.02 104.72 104.94 105.1  104.79 104.79 101.59 101.28
 101.51 101.28 101.74 101.74 101.51 101.21 101.36 101.51 103.88 103.27
 103.72 103.88 103.57 104.1  103.72 103.95 103.8  103.88 104.49 104.79
 104.72 104.33 104.64 104.56 104.94 104.72 104.64 105.33 105.25 105.33
 105.1  105.4  105.25 105.1  105.55 105.25 105.4  105.63 105.1  105.71
 105.4  105.17 105.33 105.63 105.33 105.17 105.48 104.72 104.79 104.87
 104.94 105.25 104.94 104.64 104.94 105.02 104.72 101.28 101.59 101.59
 101.51 100.98 101.82 101.36 101.21 101.28 101.51 103.57 103.88 103.95
 103.88 104.18 103.95 103.95 104.1  103.65 103.57 104.64 104.64 104.79
 104.72 104.56 104.64 104.41 104.49 104.79 105.25 105.4  105.71 105.33
 105.55 105.78 105.4  105.48 105.4  105.33 105.02 105.48 105.33 105.4
 105.4  105.33 105.4  105.55 105.55 105.48 104.94 105.02 105.02 104.87
 104.87 104.64 104.94 104.64 105.02 104.87 101.74 101.82 101.43 101.66
 101.59 101.74 101.74 101.66 101.21 101.89 104.26 104.03 103.95 104.03
 103.95 103.8  104.18 104.33 104.26 104.64 104.87 104.79 104.72 104.41
 104.72 104.72 104.56 104.56 104.41 105.1  105.17 105.25 105.17 105.33
 105.33 105.17 105.02 105.25 105.33 105.1  105.17 105.4  105.4 ]",915,17,5,1.32,1.32
35,Tag2,Tag1,1757350380.7164533,1757350382.0189342,"[29.03 29.56 30.02 30.02 30.1  29.56 29.64 29.79 29.95 29.49 31.93 32.16
 31.85 31.32 31.55 31.55 31.4  31.93 31.78 31.55 28.27 27.58 28.19 27.66
 27.66 27.89 27.89 27.35 27.58 30.02 30.02 30.25 29.72 29.49 29.64 29.95
 29.56 29.72 29.64 31.32 31.47 31.24 32.23 31.7  31.24 31.09 31.47 31.17
 31.4  32.23 32.31 32.69 32.46 32.31 32.23 32.23 32.08 32.16 33.07 29.56
 29.64 29.34 29.11 29.26 29.56 29.26 29.49 29.79 29.56 31.01 31.01 30.94
 31.24 31.32 31.09 31.09 31.62 31.01 31.01 27.35 27.05 27.5  27.35 26.89
 27.12 27.35 27.43 27.5  29.26 30.02 30.1  29.56 30.17 29.95 29.56 30.17
 30.17 29.49 32.01 31.7  31.78 31.78 31.24 31.24 32.01 31.32 31.24 31.78
 32.08 32.46 32.54 32.46 33.   32.46 32.01 32.46 32.77 32.39 29.49 29.64
 29.64 29.49 29.56 29.56 29.49 29.26 29.49 29.49 31.32 31.01 31.4  31.47
 31.24 30.94 31.32 31.55 31.47 31.7  27.35 27.2  27.43 27.43 27.05 27.12
 27.28 27.5  27.28 29.79 29.49 29.79 30.17 29.87 29.26 29.87 29.72 29.34
 29.79 31.32 31.32 31.78 31.7  31.4  31.7  31.32 31.24 31.24 31.7  32.54
 32.69 32.16 32.54 32.77 32.54 32.69 32.69 32.46 32.85 29.11 29.11 29.18
 29.64 29.87 29.72 29.18 29.41 29.11 30.17 31.09 30.94 31.62 31.4  31.09
 31.78 31.01 31.32 31.32 27.2  27.5  27.28 26.97 27.12 27.28 27.2  27.58
 27.66 27.12 29.79 30.1  29.79 29.49 29.79 29.79 29.34 29.49 29.87 30.33
 31.09 31.24 31.62 31.55 31.17 31.55 31.85 31.32 31.55 31.4  31.93 31.93
 32.46 32.62 32.85 32.08 32.54 32.77 32.39 32.39 29.56 29.56 29.41 29.49
 29.18 29.56 30.17 29.95 29.72 29.56 31.62 31.4  31.47 31.24 31.62 31.17
 31.47 31.17 31.47 28.27 27.28 27.96 28.11 27.28 27.5  27.12 27.35 27.28
 27.73 29.79 30.25 29.41 29.79 29.95 30.1  29.34 29.56 29.72 30.17 31.7
 31.85 31.78 31.55 31.78 31.62 31.24 32.16 31.78 31.17 32.62 32.23 32.39
 32.08 32.08 32.39 32.54 32.39 32.62 32.85 31.93 32.69 32.16]",915,17,5,1.32,1.32
36,Tag1,Tag2,1757350608.3430898,1757350609.6462157,"[ 98.61  99.91 100.14  99.91 100.21  99.98 100.06 100.06 100.06 100.06
  98.84  98.84  98.92  98.84  98.76  98.92  98.69  98.99  99.15  98.92
  96.63  96.4   96.55  97.01  96.48  96.4   96.63  96.25  96.25  96.55
  99.68  99.45 100.14  99.83  99.6  100.29  99.6   99.83  99.83  99.68
 100.6  100.06 100.14 100.14 100.52 100.14 100.21 100.44  99.98 100.21
 100.82 100.37 100.52 100.29 100.29 100.14 100.37 100.37 100.21 100.14
  99.98  99.83  99.98 100.29  99.6   99.91 100.21  99.98 100.29  99.07
  98.76  98.61  99.15  98.69  98.76  98.99  98.76  98.92  98.76  96.63
  96.17  96.55  96.4   96.48  96.86  96.78  96.7   96.7   96.32  99.98
  99.83  99.83  99.98 100.14 100.14  99.76 100.06  99.68  99.76 100.6
 100.52 100.29 100.37 100.44  99.98 100.21 100.6  100.37 100.37 100.37
 100.06 100.37 100.21 100.44 100.14 100.44 100.52 100.44 100.06 100.06
  99.98  99.98 100.21 100.29  99.98 100.29  99.91 100.21  99.15  99.15
  98.69  98.84  99.3   99.07  98.84  99.22  98.92  98.84  96.32  96.55
  96.7   96.78  96.4   96.17  96.78  96.55  96.63  96.48  99.76  99.83
  99.98  99.6   99.76  99.91 100.06  99.83  99.83  99.45 100.06 100.37
 100.21 100.29 100.37 100.21 100.29 100.21 100.6  100.21 100.37 100.21
 100.29  99.98 100.06 100.44 100.21 100.52 100.44 100.14  99.98  99.91
 100.06 100.21 100.14  99.91 100.14 100.29 100.21  99.07  99.07  98.92
  98.84  98.92  98.61  99.22  98.61  99.07  98.84  96.86  96.78  96.48
  96.7   96.4   96.55  96.55  96.7   96.78  96.55  99.83  99.98 100.21
 100.14  99.6   99.76 100.14 100.06  99.98  99.68 100.37 100.44 100.29
  99.98 100.06 100.67 100.37 100.29 100.37 100.44 100.21 100.21 100.6
 100.44  99.98 100.52 100.44 100.6  100.29 100.06 100.14 100.29 100.29
 100.14 100.29 100.29  99.91 100.37 100.14  98.69  99.45  98.84  99.3
  99.07  99.07  98.92  98.76  98.69  98.99  96.55  96.78  96.55  96.7
  96.78  96.55  96.78  96.4   97.09  96.7   99.98  99.91  99.83  99.6
  99.91  99.91 100.14  99.91  99.83 100.06 100.37 100.6  100.44 100.21
 100.06 100.29 100.37 100.37 100.14 100.14 100.21 100.44 100.6  100.6
 100.21 100.29 100.44 100.52 100.14 100.21 100.52 100.52 100.6 ]",915,18,5,1.34,1.34
37,Tag2,Tag1,1757350610.8711631,1757350612.17766,"[28.73 29.72 29.72 29.34 29.49 28.27 28.27 28.5  27.89 28.88 30.17 30.1
 30.33 30.17 29.95 30.17 30.79 30.02 30.86 29.79 27.12 27.2  27.5  28.42
 28.11 27.96 28.04 28.42 27.73 27.2  29.26 30.33 30.02 29.79 29.49 31.32
 30.71 29.56 29.41 31.62 31.32 30.71 32.46 32.69 31.7  31.01 31.24 31.09
 31.7  32.77 33.   32.62 31.7  31.4  32.08 31.55 31.62 31.32 31.55 28.11
 29.26 29.34 28.04 28.19 28.34 28.19 28.11 28.42 28.34 30.02 30.86 30.25
 30.02 30.33 29.87 30.02 29.79 29.79 30.4  28.27 28.04 27.35 27.28 27.2
 28.42 27.73 27.73 27.12 29.72 29.34 29.34 29.72 30.79 30.63 30.86 30.02
 29.56 29.72 31.62 32.23 32.62 31.01 31.62 31.09 31.7  31.85 32.16 32.01
 32.39 33.23 32.92 32.23 31.47 33.15 32.92 32.54 32.16 31.47 28.11 28.5
 29.26 28.73 27.96 28.34 28.88 28.5  28.88 28.73 30.17 30.02 30.33 30.17
 30.17 30.17 31.17 31.4  30.33 30.25 27.05 28.5  27.05 26.67 27.35 26.97
 27.05 26.74 27.66 29.64 29.41 31.09 29.79 30.94 31.17 30.4  31.24 30.56
 30.71 32.23 31.62 30.63 31.4  32.46 32.54 32.92 32.08 31.47 31.47 33.46
 31.85 31.62 31.85 31.55 31.09 31.4  31.4  31.78 31.62 28.8  27.89 28.42
 27.96 27.96 27.96 28.5  28.34 28.57 28.42 30.17 30.02 30.17 30.33 30.02
 30.25 29.79 29.95 29.87 27.12 27.35 26.82 27.28 26.67 27.58 27.28 27.28
 26.44 26.97 29.41 29.87 29.49 29.72 30.17 29.56 29.64 29.56 29.64 29.87
 30.94 31.7  31.4  31.24 30.94 30.86 30.86 31.47 31.47 31.62 31.55 32.31
 32.39 31.4  31.93 31.7  31.47 31.7  31.85 31.32 27.96 28.65 28.5  28.19
 29.11 27.73 28.04 28.65 28.04 28.27 29.87 30.02 30.17 29.95 30.1  30.1
 30.25 30.17 30.25 27.35 27.12 27.05 26.74 27.05 26.97 27.12 27.12 27.2
 26.89 29.72 29.56 29.56 29.72 29.64 29.64 29.34 29.34 30.33 29.64 31.24
 31.55 31.17 31.4  31.01 31.01 30.71 31.24 31.17 31.24 32.23 31.85 32.16
 31.85 31.78 31.7  31.62 32.01 31.47 31.62 31.01 31.47 31.24]",915,18,5,1.34,1.34
38,Tag1,Tag2,1757350671.266203,1757350672.5721784,"[95.71 97.09 96.86 97.01 97.16 96.78 96.86 96.93 96.78 97.16 95.33 95.64
 95.86 96.02 95.64 95.79 95.79 96.02 95.56 95.71 94.87 95.25 95.1  94.95
 94.8  95.33 95.33 95.48 95.18 98.23 97.77 98.31 97.85 97.92 97.92 98.08
 98.08 98.15 97.77 97.85 98.23 98.15 98.23 97.92 97.92 98.15 97.92 98.
 97.85 97.47 97.77 97.54 97.47 97.62 97.7  97.62 97.85 97.39 97.7  97.24
 96.93 97.01 97.09 97.01 97.39 97.09 96.93 97.01 97.24 95.64 95.94 95.71
 95.64 95.94 95.94 95.79 96.02 95.56 95.48 95.56 95.03 95.03 95.56 95.56
 95.1  94.95 95.03 95.18 98.   97.92 98.15 97.77 98.08 98.08 97.92 97.92
 98.08 98.08 98.15 97.62 98.   98.   97.85 97.85 98.15 98.   97.85 97.85
 97.31 97.47 97.92 97.7  97.16 97.47 97.31 97.62 97.31 97.62 96.93 96.63
 97.09 97.24 96.93 97.24 97.31 97.01 97.16 97.01 95.79 96.02 95.79 95.86
 95.86 95.94 95.56 95.56 95.94 94.95 95.25 95.18 95.48 95.33 95.41 95.25
 95.18 95.1  95.33 98.31 98.   97.77 98.08 97.85 98.15 97.92 98.31 97.92
 98.08 97.92 98.15 98.23 97.92 98.   98.08 98.08 98.23 97.92 98.   97.54
 97.47 97.85 97.7  97.54 97.54 97.31 97.54 97.47 97.62 97.24 96.86 97.39
 96.93 97.16 97.24 97.24 96.86 97.09 97.01 95.94 95.94 95.56 95.86 96.02
 95.79 95.79 95.86 95.71 95.1  95.41 94.87 95.18 95.18 94.87 95.33 95.18
 95.33 95.18 97.77 98.15 98.38 98.23 97.77 98.   97.92 98.23 97.85 98.
 97.77 98.23 98.54 98.15 98.31 98.46 97.77 98.23 98.08 98.46 97.62 97.47
 97.62 97.31 97.7  97.62 97.39 97.39 97.47 97.62 97.09 96.78 97.16 97.16
 97.31 97.01 97.39 97.16 97.39 97.31 95.79 95.79 95.94 95.56 95.79 95.79
 96.09 96.17 95.71 95.03 94.95 94.72 95.41 95.1  95.1  94.95 95.03 95.56
 95.1  98.15 98.   97.85 98.08 98.08 98.38 98.   97.62 97.77 98.69 97.62
 98.   98.   98.15 97.54 97.85 97.92 98.15 97.77 98.15 97.7  97.31 97.85
 97.31 97.62 98.   97.62 97.47 97.7  97.47 97.62 97.62 97.62 97.31]",915,19,5,1.36,1.36
39,Tag2,Tag1,1757350673.786173,1757350675.0893595,"[26.97 25.37 25.29 25.29 25.29 25.44 25.6  25.9  25.29 26.89 26.82 26.74
 26.51 26.74 27.66 26.51 27.35 26.51 27.35 25.14 25.83 24.83 24.99 25.14
 25.06 26.44 25.06 24.76 26.97 27.5  27.35 27.66 27.89 28.27 27.5  28.27
 27.5  27.28 27.73 28.5  30.4  28.8  28.8  28.57 28.57 28.88 28.8  29.64
 28.5  28.8  28.27 28.27 28.88 29.34 28.19 28.5  28.88 28.88 25.22 25.29
 25.37 25.22 25.06 25.14 25.75 25.29 25.14 24.91 26.67 26.21 26.05 27.05
 26.44 26.74 27.35 26.82 27.43 27.35 24.99 25.22 25.14 25.06 25.37 25.14
 25.6  25.67 26.21 25.29 28.57 27.89 27.5  27.96 28.42 29.18 28.19 28.42
 28.42 28.73 28.65 28.95 29.26 28.73 29.18 28.42 28.57 29.95 28.73 28.5
 28.88 28.88 28.34 28.57 28.57 28.5  28.65 28.5  28.95 25.29 25.22 25.14
 25.06 25.44 25.37 24.99 25.29 25.29 25.52 27.43 26.36 26.36 26.36 28.19
 26.36 25.98 26.67 26.21 26.74 25.6  25.44 25.37 25.22 24.91 24.99 25.9
 24.99 25.37 25.14 27.43 27.43 27.73 29.18 27.89 27.73 27.89 28.34 27.81
 27.35 28.73 28.88 28.8  28.5  28.8  28.42 29.26 29.34 28.5  28.42 28.73
 28.27 28.5  28.27 28.57 28.5  28.34 28.5  28.27 25.22 25.14 25.29 25.75
 26.05 24.99 25.44 25.29 26.44 25.06 26.21 26.97 26.21 27.28 26.21 26.82
 26.36 27.12 28.34 26.67 25.52 25.37 25.75 24.99 25.06 24.91 25.67 25.37
 25.22 25.37 28.5  27.43 27.5  27.58 28.95 27.58 27.58 27.66 27.96 27.81
 28.65 29.03 28.57 28.57 29.03 29.11 28.95 29.18 28.95 28.73 28.34 28.8
 28.57 28.8  29.11 28.27 29.41 28.57 28.57 25.29 25.44 25.67 25.29 25.52
 25.29 25.52 25.06 25.14 25.29 26.59 27.2  26.28 26.44 26.67 26.89 27.58
 27.28 27.05 27.96 25.6  25.67 24.99 26.51 26.51 25.52 24.99 25.9  25.44
 24.99 27.73 28.95 27.73 29.03 27.73 28.11 28.04 28.65 28.88 28.11 28.8
 29.34 28.8  28.5  28.95 28.88 28.73 28.95 29.26 28.73 28.27 28.73 30.33
 28.73 29.72 29.41 28.34 29.03 29.11 29.11 29.03 28.5  28.42]",915,19,5,1.36,1.36
40,Tag1,Tag2,1757350980.9725976,1757350982.276948,"[87.62 88.01 87.93 87.7  87.93 87.93 88.39 87.93 88.01 88.01 87.24 87.32
 87.17 86.86 87.32 87.4  87.17 87.24 87.17 87.55 88.46 88.24 87.85 88.69
 88.62 88.62 88.31 88.08 88.31 88.39 89.99 90.14 89.99 89.99 90.22 89.68
 89.53 89.84 89.91 89.61 89.38 89.3  89.46 89.38 89.53 89.38 89.84 89.3
 89.61 89.23 88.54 88.69 88.69 88.31 88.69 88.46 88.46 88.62 88.24 88.46
 88.31 87.7  87.85 88.08 87.78 88.08 88.16 87.85 88.24 86.94 87.17 87.24
 87.09 86.94 87.17 87.01 87.24 87.09 86.94 88.16 87.93 87.85 87.85 88.01
 88.54 88.46 88.16 88.39 88.16 89.84 89.99 89.61 89.68 90.14 89.84 90.07
 89.68 89.84 89.91 89.38 89.61 89.07 89.68 89.68 89.46 89.46 89.68 89.61
 89.53 88.69 88.39 88.77 88.69 88.62 88.85 88.62 88.92 88.69 88.31 88.08
 87.85 88.08 87.7  88.24 88.16 88.24 88.31 88.24 87.17 87.55 87.4  87.47
 87.7  87.24 87.17 87.32 87.32 87.32 88.24 88.31 88.08 88.39 88.24 88.31
 88.54 88.54 88.01 88.39 89.84 89.91 90.07 89.68 89.38 89.76 89.68 90.07
 89.68 89.84 89.3  89.3  89.3  89.23 89.07 89.3  89.53 89.38 89.3  89.3
 88.46 88.62 88.46 88.16 88.39 88.24 88.24 88.54 88.69 87.55 87.93 87.93
 88.08 88.39 88.24 87.62 87.93 87.62 87.7  87.17 87.17 86.86 86.94 87.09
 86.94 87.01 87.24 87.24 86.86 88.16 88.31 88.31 88.31 88.08 87.93 87.78
 87.85 88.16 87.7  89.3  88.92 89.38 89.3  89.3  89.23 89.38 89.3  89.3
 89.3  88.69 89.07 88.85 89.07 89.   88.92 89.15 88.85 88.69 89.   88.16
 87.78 88.31 87.93 87.85 87.93 88.31 88.08 87.85 87.7  87.85 87.85 87.24
 87.85 87.47 87.17 87.55 87.7  87.85 86.86 86.94 86.63 86.71 86.56 86.63
 86.63 86.56 86.56 86.18 88.01 87.85 87.62 87.78 87.55 87.7  87.78 87.47
 87.78 87.4  89.46 89.46 89.15 88.92 89.38 88.85 89.15 89.3  89.15 89.38
 88.77 88.77 88.77 88.92 88.69 88.77 89.07 88.85 89.   88.08 87.55 88.24
 87.85 88.01 88.08 87.93 87.85 87.62 88.01 88.08 88.01 87.93 87.78]",915,20,5,1.38,1.38
41,Tag2,Tag1,1757350983.4893496,1757350984.7956185,"[21.32 20.1  20.03 19.87 19.57 19.95 19.65 19.65 19.72 19.57 20.33 20.18
 20.49 20.49 20.41 20.64 20.49 20.49 20.41 20.79 20.71 20.87 20.87 20.71
 20.64 20.56 20.56 20.87 21.17 22.47 22.47 22.85 23.08 22.47 22.93 22.62
 22.77 23.08 22.24 23.   23.   22.77 22.85 22.77 23.08 22.62 22.7  23.08
 23.   22.55 22.55 22.39 23.   22.47 22.16 22.16 22.32 22.09 22.39 19.49
 19.65 19.72 19.49 19.65 20.18 19.42 19.95 20.1  19.72 20.56 20.71 20.56
 20.56 20.41 20.64 20.79 20.94 20.79 20.41 20.71 20.64 20.71 20.87 20.41
 20.49 20.64 20.87 21.1  22.93 22.16 22.39 22.62 22.24 22.47 22.77 22.77
 22.09 22.77 23.16 23.08 22.7  23.16 23.23 22.62 22.62 23.23 22.7  23.38
 22.24 22.24 22.32 22.16 21.86 22.01 21.93 22.24 22.09 22.32 19.8  19.49
 19.65 19.87 19.49 19.72 19.49 19.95 19.95 20.1  20.64 20.79 20.56 20.64
 20.26 20.49 20.56 20.71 20.56 20.41 20.56 20.64 20.33 20.56 20.87 20.18
 20.56 20.71 20.87 22.7  23.   22.62 22.7  22.93 22.55 23.   22.85 23.08
 22.77 23.31 23.08 23.46 23.23 23.   23.31 23.16 23.08 23.16 23.23 22.32
 22.93 22.93 22.77 22.77 22.47 22.16 22.85 22.85 22.7  20.26 20.18 19.87
 19.57 19.8  19.87 20.18 19.8  19.72 20.41 21.1  20.49 20.94 20.64 20.56
 21.1  20.71 20.49 20.56 20.94 20.64 20.49 20.41 20.64 20.33 20.87 20.79
 21.1  20.79 22.7  23.46 22.93 23.08 22.32 22.62 23.23 22.85 22.85 22.93
 23.38 23.16 23.16 23.16 23.08 23.46 23.   23.16 23.16 23.23 22.39 22.77
 22.16 22.7  22.62 22.39 22.55 22.16 22.09 22.55 19.65 19.87 19.8  19.8
 19.65 19.87 19.65 19.8  19.8  20.41 20.64 20.87 20.79 20.26 20.41 20.79
 20.49 20.18 20.56 20.79 20.56 20.49 20.56 20.64 20.56 20.56 20.87 20.64
 20.79 22.39 22.55 22.77 22.47 22.7  22.62 22.47 23.   22.7  23.   23.08
 23.77 23.16 23.23 23.31 23.46 23.16 23.16 23.77 23.38 22.85 23.   23.08
 22.62 23.23 22.24 22.16 22.55 22.55 22.7  22.39 22.85 22.7 ]",915,20,5,1.38,1.38
42,Tag1,Tag2,1757351080.6273885,1757351081.9317448,"[85.79 82.06 82.06 82.36 82.06 82.13 82.21 82.28 82.28 82.13 81.75 81.83
 81.98 81.6  81.9  82.06 82.28 81.98 82.13 81.83 83.28 83.81 83.66 83.28
 83.73 83.73 83.73 83.81 83.2  83.43 83.73 83.58 83.73 83.96 83.66 83.89
 83.73 83.66 83.66 83.58 83.43 83.35 83.2  83.43 83.43 83.28 83.28 83.28
 83.2  83.35 82.28 82.21 82.89 82.67 82.36 82.51 82.67 82.59 82.44 82.21
 82.13 82.36 82.28 81.9  82.36 82.28 82.21 82.36 82.44 81.75 81.9  82.13
 81.6  81.75 82.06 81.9  81.9  81.98 81.9  83.5  83.66 83.58 83.5  83.73
 83.73 83.89 83.73 83.66 83.2  83.58 83.58 83.81 83.73 83.73 83.96 83.73
 83.89 83.81 83.58 83.43 83.58 83.12 83.2  83.2  83.43 83.12 83.5  83.35
 83.43 82.74 82.89 82.82 82.89 82.59 82.89 82.21 82.67 82.59 82.13 82.06
 82.28 82.28 82.67 82.51 82.51 82.28 82.13 81.98 82.21 81.83 82.06 81.83
 81.9  82.13 81.98 81.98 81.75 82.13 83.73 83.58 83.58 83.66 83.66 83.58
 83.73 83.96 83.89 83.96 83.58 84.12 83.89 83.81 83.89 84.04 84.12 83.96
 83.96 83.81 83.58 83.5  83.35 83.2  83.35 83.58 83.28 83.81 83.66 82.21
 82.67 82.82 82.59 82.89 82.44 82.51 83.05 82.51 82.89 82.51 82.36 82.28
 82.36 82.36 82.51 82.67 82.28 82.21 82.59 81.9  82.13 81.9  81.9  82.21
 82.13 82.13 81.83 81.98 81.83 83.35 83.66 83.2  83.66 83.81 83.81 83.58
 83.81 83.89 83.73 84.04 83.89 83.58 83.73 83.73 84.12 83.81 83.73 83.89
 83.89 83.43 83.05 83.2  83.5  83.12 83.12 83.43 83.05 82.97 82.82 82.82
 82.51 82.97 82.51 82.51 82.89 82.74 82.13 82.82 82.44 81.98 82.44 81.9
 82.36 82.36 82.36 82.36 82.28 82.28 81.83 81.9  81.9  81.9  81.83 81.98
 81.98 81.75 81.67 81.98 83.58 83.89 83.43 83.73 83.73 83.81 83.73 83.89
 83.81 83.58 83.81 83.66 83.5  83.81 83.89 83.66 83.66 83.58 83.89 83.35
 83.35 83.2  83.5  83.12 83.43 83.28 83.43 83.5  83.5  82.74 82.36 82.82
 82.67 82.51 83.05 82.67 82.36 82.82 82.89 82.74 82.44 82.59 82.67]",915,21,5,1.4,1.4
43,Tag2,Tag1,1757351083.1432176,1757351084.4473548,"[15.68 13.77 13.92 13.62 13.62 14.   14.   14.23 13.92 13.69 14.46 14.38
 14.23 14.46 14.23 14.15 14.38 14.38 14.31 14.69 14.92 15.22 15.14 15.22
 14.99 15.14 14.99 14.99 14.99 16.52 16.59 16.37 16.82 16.59 16.59 16.59
 16.67 16.67 16.52 16.52 16.44 16.75 16.67 16.29 16.82 16.75 16.59 17.2
 16.67 15.91 15.91 15.98 16.06 15.91 15.91 15.75 15.91 15.83 16.29 14.
 14.   14.   13.85 14.08 13.69 13.69 14.08 13.69 13.77 14.23 14.53 14.38
 14.38 14.46 14.61 14.46 14.23 14.46 14.23 15.45 14.99 15.14 14.99 14.84
 15.14 15.22 15.3  14.76 16.52 16.59 16.52 16.67 16.82 16.44 16.75 16.59
 17.43 16.52 16.82 16.67 17.2  16.67 16.59 16.9  16.75 16.82 16.9  16.75
 15.91 15.75 15.6  15.83 16.06 15.91 15.68 15.83 16.14 15.98 14.38 13.85
 14.   13.77 13.54 13.69 13.92 13.92 13.77 13.92 14.15 14.53 14.31 14.23
 14.46 14.31 14.53 14.61 14.46 14.99 15.14 15.22 15.3  15.45 15.07 15.14
 15.14 15.3  15.07 16.37 17.05 16.67 16.82 16.59 16.67 16.67 16.44 16.67
 16.37 16.44 16.98 16.75 16.9  16.98 17.05 16.59 16.59 16.9  16.59 15.75
 16.14 15.91 15.83 16.06 16.14 16.21 15.83 15.91 15.68 13.77 14.15 14.
 13.92 13.62 14.   14.08 13.77 14.23 14.   14.38 14.23 14.46 14.46 14.31
 14.46 14.46 14.31 14.23 14.76 14.84 15.37 15.07 15.14 15.22 15.14 15.22
 15.22 15.22 16.82 16.82 16.52 16.59 16.67 16.44 16.75 16.67 16.52 16.98
 16.9  17.05 17.05 17.05 17.05 16.98 17.05 17.13 16.44 16.75 16.06 15.98
 16.14 15.91 15.83 15.98 15.75 16.37 16.06 16.21 13.85 13.85 14.   14.
 13.85 14.   13.92 14.08 13.92 13.62 14.38 14.31 14.53 14.46 14.92 14.38
 14.31 14.76 14.38 15.3  15.14 15.22 15.37 14.92 14.92 14.99 15.22 14.99
 14.92 16.52 16.59 16.44 16.52 16.67 16.37 16.67 16.67 16.37 16.75 16.59
 16.44 17.05 16.98 16.52 16.59 16.75 16.52 16.67 16.82 16.06 15.98 15.83
 15.75 15.83 15.83 15.91 15.68 15.91 15.98 15.6  15.75 15.83]",915,21,5,1.4,1.4
